priority,visual_family_id,make,model_family,rank,score,source,title,query,downloaded_file,width,height,creator,creator_url,license,license_url,attribution,landing_url,image_url,sha256,review_status,rejection_reason
P0,VF-TOYOTA-HILUX-AN120-AN130-SINGLE-CAB-PRE-FACELIFT-FACELIFT-SPLIT,Toyota,Hilux,1,28.0,wikimedia_commons,File:2024 Toyota HiLux SR 4X4 mild hybrid front (1).jpg,Toyota Hilux AN120/AN130 car,,2000,936,LuvsMG481,,CC BY-SA 4.0,https://creativecommons.org/licenses/by-sa/4.0,LuvsMG481; Own work; CC BY-SA 4.0,https://commons.wikimedia.org/wiki/File:2024_Toyota_HiLux_SR_4X4_mild_hybrid_front_(1).jpg,https://upload.wikimedia.org/wikipedia/commons/thumb/2/2d/2024_Toyota_HiLux_SR_4X4_mild_hybrid_front_%281%29.jpg/3840px-2024_Toyota_HiLux_SR_4X4_mild_hybrid_front_%281%29.jpg?utm_source=commons.wikimedia.org&utm_campaign=imageinfo&utm_content=thumbnail,,PENDING,
P0,VF-TOYOTA-HILUX-AN120-AN130-SINGLE-CAB-PRE-FACELIFT-FACELIFT-SPLIT,Toyota,Hilux,2,28.0,wikimedia_commons,File:2024 Toyota HiLux SR 4X4 mild hybrid rear (1).jpg,Toyota Hilux AN120/AN130 car,,2000,924,LuvsMG481,,CC BY-SA 4.0,https://creativecommons.org/licenses/by-sa/4.0,LuvsMG481; Own work; CC BY-SA 4.0,https://commons.wikimedia.org/wiki/File:2024_Toyota_HiLux_SR_4X4_mild_hybrid_rear_(1).jpg,https://upload.wikimedia.org/wikipedia/commons/thumb/6/68/2024_Toyota_HiLux_SR_4X4_mild_hybrid_rear_%281%29.jpg/3840px-2024_Toyota_HiLux_SR_4X4_mild_hybrid_rear_%281%29.jpg?utm_source=commons.wikimedia.org&utm_campaign=imageinfo&utm_content=thumbnail,,PENDING,
P0,VF-TOYOTA-HILUX-AN120-AN130-SINGLE-CAB-PRE-FACELIFT-FACELIFT-SPLIT,Toyota,Hilux,3,27.0,wikimedia_commons,File:Toyota Hilux Invincible 50 (38438265462).jpg,Toyota Hilux AN120/AN130 car,,2000,1200,"More Cars from Berlin, Germany",,CC BY 2.0,https://creativecommons.org/licenses/by/2.0,"More Cars from Berlin, Germany; Toyota Hilux Invincible 50; CC BY 2.0",https://commons.wikimedia.org/wiki/File:Toyota_Hilux_Invincible_50_(38438265462).jpg,https://upload.wikimedia.org/wikipedia/commons/d/d9/Toyota_Hilux_Invincible_50_%2838438265462%29.jpg?utm_source=commons.wikimedia.org&utm_campaign=imageinfo&utm_content=thumbnail_unscaled,,PENDING,
P0,VF-TOYOTA-HILUX-AN120-AN130-DOUBLE-CAB-PRE-FACELIFT,Toyota,Hilux,1,28.0,wikimedia_commons,File:2024 Toyota HiLux SR 4X4 mild hybrid front (1).jpg,Toyota Hilux AN120/AN130 car,,2000,936,LuvsMG481,,CC BY-SA 4.0,https://creativecommons.org/licenses/by-sa/4.0,LuvsMG481; Own work; CC BY-SA 4.0,https://commons.wikimedia.org/wiki/File:2024_Toyota_HiLux_SR_4X4_mild_hybrid_front_(1).jpg,https://upload.wikimedia.org/wikipedia/commons/thumb/2/2d/2024_Toyota_HiLux_SR_4X4_mild_hybrid_front_%281%29.jpg/3840px-2024_Toyota_HiLux_SR_4X4_mild_hybrid_front_%281%29.jpg?utm_source=commons.wikimedia.org&utm_campaign=imageinfo&utm_content=thumbnail,,PENDING,
P0,VF-TOYOTA-HILUX-AN120-AN130-DOUBLE-CAB-PRE-FACELIFT,Toyota,Hilux,2,28.0,wikimedia_commons,File:2024 Toyota HiLux SR 4X4 mild hybrid rear (1).jpg,Toyota Hilux AN120/AN130 car,,2000,924,LuvsMG481,,CC BY-SA 4.0,https://creativecommons.org/licenses/by-sa/4.0,LuvsMG481; Own work; CC BY-SA 4.0,https://commons.wikimedia.org/wiki/File:2024_Toyota_HiLux_SR_4X4_mild_hybrid_rear_(1).jpg,https://upload.wikimedia.org/wikipedia/commons/thumb/6/68/2024_Toyota_HiLux_SR_4X4_mild_hybrid_rear_%281%29.jpg/3840px-2024_Toyota_HiLux_SR_4X4_mild_hybrid_rear_%281%29.jpg?utm_source=commons.wikimedia.org&utm_campaign=imageinfo&utm_content=thumbnail,,PENDING,
P0,VF-TOYOTA-HILUX-AN120-AN130-DOUBLE-CAB-PRE-FACELIFT,Toyota,Hilux,3,27.0,wikimedia_commons,File:Toyota Hilux Invincible 50 (38438265462).jpg,Toyota Hilux AN120/AN130 car,,2000,1200,"More Cars from Berlin, Germany",,CC BY 2.0,https://creativecommons.org/licenses/by/2.0,"More Cars from Berlin, Germany; Toyota Hilux Invincible 50; CC BY 2.0",https://commons.wikimedia.org/wiki/File:Toyota_Hilux_Invincible_50_(38438265462).jpg,https://upload.wikimedia.org/wikipedia/commons/d/d9/Toyota_Hilux_Invincible_50_%2838438265462%29.jpg?utm_source=commons.wikimedia.org&utm_campaign=imageinfo&utm_content=thumbnail_unscaled,,PENDING,
P0,VF-TOYOTA-HILUX-AN120-AN130-DOUBLE-CAB-FACELIFT,Toyota,Hilux,1,28.0,wikimedia_commons,File:2024 Toyota HiLux SR 4X4 mild hybrid front (1).jpg,Toyota Hilux AN120/AN130 car,,2000,936,LuvsMG481,,CC BY-SA 4.0,https://creativecommons.org/licenses/by-sa/4.0,LuvsMG481; Own work; CC BY-SA 4.0,https://commons.wikimedia.org/wiki/File:2024_Toyota_HiLux_SR_4X4_mild_hybrid_front_(1).jpg,https://upload.wikimedia.org/wikipedia/commons/thumb/2/2d/2024_Toyota_HiLux_SR_4X4_mild_hybrid_front_%281%29.jpg/3840px-2024_Toyota_HiLux_SR_4X4_mild_hybrid_front_%281%29.jpg?utm_source=commons.wikimedia.org&utm_campaign=imageinfo&utm_content=thumbnail,,PENDING,
P0,VF-TOYOTA-HILUX-AN120-AN130-DOUBLE-CAB-FACELIFT,Toyota,Hilux,2,28.0,wikimedia_commons,File:2024 Toyota HiLux SR 4X4 mild hybrid front (2).jpg,Toyota Hilux AN120/AN130 car,,2000,917,LuvsMG481,,CC BY-SA 4.0,https://creativecommons.org/licenses/by-sa/4.0,LuvsMG481; Own work; CC BY-SA 4.0,https://commons.wikimedia.org/wiki/File:2024_Toyota_HiLux_SR_4X4_mild_hybrid_front_(2).jpg,https://upload.wikimedia.org/wikipedia/commons/thumb/5/55/2024_Toyota_HiLux_SR_4X4_mild_hybrid_front_%282%29.jpg/3840px-2024_Toyota_HiLux_SR_4X4_mild_hybrid_front_%282%29.jpg?utm_source=commons.wikimedia.org&utm_campaign=imageinfo&utm_content=thumbnail,,PENDING,
P0,VF-TOYOTA-HILUX-AN120-AN130-DOUBLE-CAB-FACELIFT,Toyota,Hilux,3,27.0,wikimedia_commons,File:Toyota Hilux Invincible 50 (38438265462).jpg,Toyota Hilux AN120/AN130 car,,2000,1200,"More Cars from Berlin, Germany",,CC BY 2.0,https://creativecommons.org/licenses/by/2.0,"More Cars from Berlin, Germany; Toyota Hilux Invincible 50; CC BY 2.0",https://commons.wikimedia.org/wiki/File:Toyota_Hilux_Invincible_50_(38438265462).jpg,https://upload.wikimedia.org/wikipedia/commons/d/d9/Toyota_Hilux_Invincible_50_%2838438265462%29.jpg?utm_source=commons.wikimedia.org&utm_campaign=imageinfo&utm_content=thumbnail_unscaled,,PENDING,
P0,VF-TOYOTA-FORTUNER-AN160-SUV-PRE-FACELIFT-FACELIFT-SPLIT,Toyota,Fortuner,1,27.0,wikimedia_commons,File:2015 Toyota Fortuner (New Zealand).jpg,Toyota Fortuner AN160 suv car,,2000,1179,NZ Car Freak,,CC BY-SA 4.0,https://creativecommons.org/licenses/by-sa/4.0,NZ Car Freak; Own work; CC BY-SA 4.0,https://commons.wikimedia.org/wiki/File:2015_Toyota_Fortuner_(New_Zealand).jpg,https://upload.wikimedia.org/wikipedia/commons/6/66/2015_Toyota_Fortuner_%28New_Zealand%29.jpg?utm_source=commons.wikimedia.org&utm_campaign=imageinfo&utm_content=thumbnail_unscaled,,PENDING,
P0,VF-TOYOTA-FORTUNER-AN160-SUV-PRE-FACELIFT-FACELIFT-SPLIT,Toyota,Fortuner,2,27.0,wikimedia_commons,"File:Moscow, Teterinsky Lane, Toyota Fortuner black, Sept 2025 01.jpg",Toyota Fortuner AN160 suv car,,2000,1334,Retired electrician,,CC0,http://creativecommons.org/publicdomain/zero/1.0/deed.en,Retired electrician; Own work; CC0,"https://commons.wikimedia.org/wiki/File:Moscow,_Teterinsky_Lane,_Toyota_Fortuner_black,_Sept_2025_01.jpg",https://upload.wikimedia.org/wikipedia/commons/1/19/Moscow%2C_Teterinsky_Lane%2C_Toyota_Fortuner_black%2C_Sept_2025_01.jpg?utm_source=commons.wikimedia.org&utm_campaign=imageinfo&utm_content=thumbnail_unscaled,,PENDING,
P0,VF-TOYOTA-FORTUNER-AN160-SUV-PRE-FACELIFT-FACELIFT-SPLIT,Toyota,Fortuner,3,27.0,wikimedia_commons,"File:Moscow, Teterinsky Lane, Toyota Fortuner black, Sept 2025 04.jpg",Toyota Fortuner AN160 suv car,,2000,1334,Retired electrician,,CC0,http://creativecommons.org/publicdomain/zero/1.0/deed.en,Retired electrician; Own work; CC0,"https://commons.wikimedia.org/wiki/File:Moscow,_Teterinsky_Lane,_Toyota_Fortuner_black,_Sept_2025_04.jpg",https://upload.wikimedia.org/wikipedia/commons/d/df/Moscow%2C_Teterinsky_Lane%2C_Toyota_Fortuner_black%2C_Sept_2025_04.jpg?utm_source=commons.wikimedia.org&utm_campaign=imageinfo&utm_content=thumbnail_unscaled,,PENDING,
P0,VF-TOYOTA-COROLLA-CROSS-XG10-CROSSOVER-PRE-FACELIFT-FACELIFT-SPLIT,Toyota,Corolla Cross,1,36.0,wikimedia_commons,File:Toyota Corolla Cross GR Sport (front).jpg,Toyota Corolla Cross car,,2000,1093,JustAnotherCarDesigner,,CC BY-SA 4.0,https://creativecommons.org/licenses/by-sa/4.0,JustAnotherCarDesigner; Own work; CC BY-SA 4.0,https://commons.wikimedia.org/wiki/File:Toyota_Corolla_Cross_GR_Sport_(front).jpg,https://upload.wikimedia.org/wikipedia/commons/1/12/Toyota_Corolla_Cross_GR_Sport_%28front%29.jpg?utm_source=commons.wikimedia.org&utm_campaign=imageinfo&utm_content=thumbnail_unscaled,,PENDING,
P0,VF-TOYOTA-COROLLA-CROSS-XG10-CROSSOVER-PRE-FACELIFT-FACELIFT-SPLIT,Toyota,Corolla Cross,2,36.0,wikimedia_commons,File:Toyota Corolla Cross GR Sport (rear).jpg,Toyota Corolla Cross car,,2000,1063,JustAnotherCarDesigner,,CC BY-SA 4.0,https://creativecommons.org/licenses/by-sa/4.0,JustAnotherCarDesigner; Own work; CC BY-SA 4.0,https://commons.wikimedia.org/wiki/File:Toyota_Corolla_Cross_GR_Sport_(rear).jpg,https://upload.wikimedia.org/wikipedia/commons/thumb/6/66/Toyota_Corolla_Cross_GR_Sport_%28rear%29.jpg/3840px-Toyota_Corolla_Cross_GR_Sport_%28rear%29.jpg?utm_source=commons.wikimedia.org&utm_campaign=imageinfo&utm_content=thumbnail,,PENDING,
P0,VF-TOYOTA-COROLLA-CROSS-XG10-CROSSOVER-PRE-FACELIFT-FACELIFT-SPLIT,Toyota,Corolla Cross,3,35.0,wikimedia_commons,"File:Oldtimer up for rally cross! Toyota Corolla E30, Bangladesh (25319403951).jpg",Toyota Corolla Cross car,,2000,1333,"Shadman Samee from Dhaka, Bangladesh",,CC BY-SA 2.0,https://creativecommons.org/licenses/by-sa/2.0,"Shadman Samee from Dhaka, Bangladesh; Oldtimer up for rally cross! Toyota Corolla E30, Bangladesh; CC BY-SA 2.0","https://commons.wikimedia.org/wiki/File:Oldtimer_up_for_rally_cross!_Toyota_Corolla_E30,_Bangladesh_(25319403951).jpg",https://upload.wikimedia.org/wikipedia/commons/e/ef/Oldtimer_up_for_rally_cross%21_Toyota_Corolla_E30%2C_Bangladesh_%2825319403951%29.jpg?utm_source=commons.wikimedia.org&utm_campaign=imageinfo&utm_content=thumbnail_unscaled,,PENDING,
P0,VF-TOYOTA-STARLET-BALENO-DERIVED-REGIONAL-GENERATION-HATCHBACK-GENERATION-F,Toyota,Starlet,1,27.0,wikimedia_commons,File:Toyota Starlet XL (9614807198).jpg,Toyota Starlet car,,2000,1500,"Riley from Christchurch, New Zealand",,CC BY 2.0,https://creativecommons.org/licenses/by/2.0,"Riley from Christchurch, New Zealand; Toyota Starlet XL; CC BY 2.0",https://commons.wikimedia.org/wiki/File:Toyota_Starlet_XL_(9614807198).jpg,https://upload.wikimedia.org/wikipedia/commons/5/5f/Toyota_Starlet_XL_%289614807198%29.jpg?utm_source=commons.wikimedia.org&utm_campaign=imageinfo&utm_content=thumbnail_unscaled,,PENDING,
P0,VF-TOYOTA-STARLET-BALENO-DERIVED-REGIONAL-GENERATION-HATCHBACK-GENERATION-F,Toyota,Starlet,2,27.0,wikimedia_commons,File:1981 Toyota Starlet S.jpg,Toyota Starlet car,,2000,1449,Calreyn88,,CC BY-SA 4.0,https://creativecommons.org/licenses/by-sa/4.0,Calreyn88; Own work; CC BY-SA 4.0,https://commons.wikimedia.org/wiki/File:1981_Toyota_Starlet_S.jpg,https://upload.wikimedia.org/wikipedia/commons/e/ed/1981_Toyota_Starlet_S.jpg?utm_source=commons.wikimedia.org&utm_campaign=imageinfo&utm_content=thumbnail_unscaled,,PENDING,
P0,VF-TOYOTA-STARLET-BALENO-DERIVED-REGIONAL-GENERATION-HATCHBACK-GENERATION-F,Toyota,Starlet,3,27.0,wikimedia_commons,File:1980 Toyota Starlet S.jpg,Toyota Starlet car,,2000,1500,Calreyn88,,CC BY-SA 4.0,https://creativecommons.org/licenses/by-sa/4.0,Calreyn88; Own work; CC BY-SA 4.0,https://commons.wikimedia.org/wiki/File:1980_Toyota_Starlet_S.jpg,https://upload.wikimedia.org/wikipedia/commons/2/29/1980_Toyota_Starlet_S.jpg?utm_source=commons.wikimedia.org&utm_campaign=imageinfo&utm_content=thumbnail_unscaled,,PENDING,
P0,VF-TOYOTA-VITZ-CELERIO-DERIVED-REGIONAL-GENERATION-HATCHBACK-CURRENT,Toyota,Vitz,1,28.0,wikimedia_commons,File:The rearview of No.279 Netz Toyota Nara Bam Vitz in Netz Cup Vitz Race 2019.jpg,Toyota Vitz car,,2000,1500,Tokumeigakarinoaoshima,,CC BY-SA 4.0,https://creativecommons.org/licenses/by-sa/4.0,Tokumeigakarinoaoshima; Own work; CC BY-SA 4.0,https://commons.wikimedia.org/wiki/File:The_rearview_of_No.279_Netz_Toyota_Nara_Bam_Vitz_in_Netz_Cup_Vitz_Race_2019.jpg,https://upload.wikimedia.org/wikipedia/commons/f/fc/The_rearview_of_No.279_Netz_Toyota_Nara_Bam_Vitz_in_Netz_Cup_Vitz_Race_2019.jpg?utm_source=commons.wikimedia.org&utm_campaign=imageinfo&utm_content=thumbnail_unscaled,,PENDING,
P0,VF-TOYOTA-VITZ-CELERIO-DERIVED-REGIONAL-GENERATION-HATCHBACK-CURRENT,Toyota,Vitz,2,28.0,wikimedia_commons,File:The frontview of No.279 Netz Toyota Nara Bam Vitz in Netz Cup Vitz Race 2019.jpg,Toyota Vitz car,,2000,1500,Tokumeigakarinoaoshima,,CC BY-SA 4.0,https://creativecommons.org/licenses/by-sa/4.0,Tokumeigakarinoaoshima; Own work; CC BY-SA 4.0,https://commons.wikimedia.org/wiki/File:The_frontview_of_No.279_Netz_Toyota_Nara_Bam_Vitz_in_Netz_Cup_Vitz_Race_2019.jpg,https://upload.wikimedia.org/wikipedia/commons/e/ea/The_frontview_of_No.279_Netz_Toyota_Nara_Bam_Vitz_in_Netz_Cup_Vitz_Race_2019.jpg?utm_source=commons.wikimedia.org&utm_campaign=imageinfo&utm_content=thumbnail_unscaled,,PENDING,
P0,VF-TOYOTA-VITZ-CELERIO-DERIVED-REGIONAL-GENERATION-HATCHBACK-CURRENT,Toyota,Vitz,3,27.0,wikimedia_commons,File:Toyota Vitz Racing 1001.jpg,Toyota Vitz car,,2000,1500,春夏秋冬奏慈,,Public domain,,春夏秋冬奏慈; Self-photographed; Public domain,https://commons.wikimedia.org/wiki/File:Toyota_Vitz_Racing_1001.jpg,https://upload.wikimedia.org/wikipedia/commons/c/cd/Toyota_Vitz_Racing_1001.jpg?utm_source=commons.wikimedia.org&utm_campaign=imageinfo&utm_content=thumbnail_unscaled,,PENDING,
P0,VF-TOYOTA-URBAN-CRUISER-REGIONAL-CURRENT-GENERATION-CROSSOVER-CURRENT,Toyota,Urban Cruiser,0,-999,none,NO_ACCEPTABLE_CANDIDATE,Toyota Urban Cruiser Regional current generation crossover car | Toyota Urban Cruiser car,,,,,,,,,,,,PENDING,No commercially transformable candidate passed filters.
P0,VF-TOYOTA-STARLET-CROSS-REGIONAL-CURRENT-GENERATION-CROSSOVER-CURRENT,Toyota,Starlet Cross,1,27.0,wikimedia_commons,File:Rough early Toyota Starlet 1978-80 60 series. (10714090603).jpg,Toyota Starlet Cross car,,2000,1333,Charlie from United Kingdom,,CC BY 2.0,https://creativecommons.org/licenses/by/2.0,Charlie from United Kingdom; Rough early Toyota Starlet 1978-80 60 series.; CC BY 2.0,https://commons.wikimedia.org/wiki/File:Rough_early_Toyota_Starlet_1978-80_60_series._(10714090603).jpg,https://upload.wikimedia.org/wikipedia/commons/thumb/1/16/Rough_early_Toyota_Starlet_1978-80_60_series._%2810714090603%29.jpg/3840px-Rough_early_Toyota_Starlet_1978-80_60_series._%2810714090603%29.jpg?utm_source=commons.wikimedia.org&utm_campaign=imageinfo&utm_content=thumbnail,,PENDING,
P0,VF-VOLKSWAGEN-POLO-VIVO-VIVO-FAMILY-HATCHBACK-MAJOR-FACELIFT-SPLIT,Volkswagen,Polo Vivo,0,-999,none,NO_ACCEPTABLE_CANDIDATE,Volkswagen Polo Vivo Vivo family hatch car | Volkswagen Polo Vivo Major facelift split car | Volkswagen Polo Vivo car,,,,,,,,,,,,PENDING,No commercially transformable candidate passed filters.
P0,VF-VOLKSWAGEN-POLO-AW-MK6-HATCHBACK-PRE-FACELIFT-FACELIFT,Volkswagen,Polo,1,28.0,wikimedia_commons,File:2011 Volkswagen Polo S 60 1.2 Front.jpg,Volkswagen Polo car,,2000,1088,Vauxford,,CC BY-SA 4.0,https://creativecommons.org/licenses/by-sa/4.0,Vauxford; Own work; CC BY-SA 4.0,https://commons.wikimedia.org/wiki/File:2011_Volkswagen_Polo_S_60_1.2_Front.jpg,https://upload.wikimedia.org/wikipedia/commons/thumb/f/f0/2011_Volkswagen_Polo_S_60_1.2_Front.jpg/3840px-2011_Volkswagen_Polo_S_60_1.2_Front.jpg?utm_source=commons.wikimedia.org&utm_campaign=imageinfo&utm_content=thumbnail,,PENDING,
P0,VF-VOLKSWAGEN-POLO-AW-MK6-HATCHBACK-PRE-FACELIFT-FACELIFT,Volkswagen,Polo,2,27.0,wikimedia_commons,File:Volkswagen Polo R WRC - Mondial de l'Automobile de Paris 2014 - 002.jpg,Volkswagen Polo car,,2000,1333,Thesupermat,,CC BY-SA 3.0,https://creativecommons.org/licenses/by-sa/3.0,Thesupermat; Own work; CC BY-SA 3.0,https://commons.wikimedia.org/wiki/File:Volkswagen_Polo_R_WRC_-_Mondial_de_l'Automobile_de_Paris_2014_-_002.jpg,https://upload.wikimedia.org/wikipedia/commons/thumb/7/73/Volkswagen_Polo_R_WRC_-_Mondial_de_l%27Automobile_de_Paris_2014_-_002.jpg/3840px-Volkswagen_Polo_R_WRC_-_Mondial_de_l%27Automobile_de_Paris_2014_-_002.jpg?utm_source=commons.wikimedia.org&utm_campaign=imageinfo&utm_content=thumbnail,,PENDING,
P0,VF-VOLKSWAGEN-POLO-AW-MK6-HATCHBACK-PRE-FACELIFT-FACELIFT,Volkswagen,Polo,3,27.0,wikimedia_commons,File:1982 Volkswagen Polo C (13389584544).jpg,Volkswagen Polo car,,2000,1327,Charlie from United Kingdom,,CC BY 2.0,https://creativecommons.org/licenses/by/2.0,Charlie from United Kingdom; 1982 Volkswagen Polo C; CC BY 2.0,https://commons.wikimedia.org/wiki/File:1982_Volkswagen_Polo_C_(13389584544).jpg,https://upload.wikimedia.org/wikipedia/commons/e/ef/1982_Volkswagen_Polo_C_%2813389584544%29.jpg?utm_source=commons.wikimedia.org&utm_campaign=imageinfo&utm_content=thumbnail_unscaled,,PENDING,
P0,VF-FORD-RANGER-T6-SINGLE-DOUBLE-CAB-MAJOR-FACELIFT-SPLIT,Ford,Ranger,1,27.0,wikimedia_commons,File:2015 Ford Ranger XLT Double Cab (New Zealand).jpg,Ford Ranger T6 car,,2000,1104,NZ Car Freak,,CC BY-SA 4.0,https://creativecommons.org/licenses/by-sa/4.0,NZ Car Freak; Own work; CC BY-SA 4.0,https://commons.wikimedia.org/wiki/File:2015_Ford_Ranger_XLT_Double_Cab_(New_Zealand).jpg,https://upload.wikimedia.org/wikipedia/commons/5/57/2015_Ford_Ranger_XLT_Double_Cab_%28New_Zealand%29.jpg?utm_source=commons.wikimedia.org&utm_campaign=imageinfo&utm_content=thumbnail_unscaled,,PENDING,
P0,VF-FORD-RANGER-T6-SINGLE-DOUBLE-CAB-MAJOR-FACELIFT-SPLIT,Ford,Ranger,2,27.0,wikimedia_commons,"File:Ford Ranger III - Bissy, 2016.jpg",Ford Ranger T6 car,,2000,1500,Anthony Levrot,,CC BY-SA 4.0,https://creativecommons.org/licenses/by-sa/4.0,Anthony Levrot,"https://commons.wikimedia.org/wiki/File:Ford_Ranger_III_-_Bissy,_2016.jpg",https://upload.wikimedia.org/wikipedia/commons/thumb/6/69/Ford_Ranger_III_-_Bissy%2C_2016.jpg/3840px-Ford_Ranger_III_-_Bissy%2C_2016.jpg?utm_source=commons.wikimedia.org&utm_campaign=imageinfo&utm_content=thumbnail,,PENDING,
P0,VF-FORD-RANGER-T6-SINGLE-DOUBLE-CAB-MAJOR-FACELIFT-SPLIT,Ford,Ranger,3,27.0,wikimedia_commons,"File:E.ON Ford Ranger XL at the railway station, 2017 Mór.jpg",Ford Ranger T6 car,,2000,1500,Globetrotter19,,CC BY-SA 3.0,https://creativecommons.org/licenses/by-sa/3.0,Globetrotter19; Own work; CC BY-SA 3.0,"https://commons.wikimedia.org/wiki/File:E.ON_Ford_Ranger_XL_at_the_railway_station,_2017_Mór.jpg",https://upload.wikimedia.org/wikipedia/commons/d/db/E.ON_Ford_Ranger_XL_at_the_railway_station%2C_2017_M%C3%B3r.jpg?utm_source=commons.wikimedia.org&utm_campaign=imageinfo&utm_content=thumbnail_unscaled,,PENDING,
P0,VF-FORD-RANGER-P703-SINGLE-DOUBLE-CAB-CURRENT,Ford,Ranger,1,30.0,wikimedia_commons,"File:Leimershof 7. US-Car-Treffen Ford Ranger (T6, P703)-20230910-RM-162447.jpg",Ford Ranger P703 car,,2000,1255,Ermell,,CC BY-SA 4.0,https://creativecommons.org/licenses/by-sa/4.0,Ermell; Own work; CC BY-SA 4.0,"https://commons.wikimedia.org/wiki/File:Leimershof_7._US-Car-Treffen_Ford_Ranger_(T6,_P703)-20230910-RM-162447.jpg",https://upload.wikimedia.org/wikipedia/commons/thumb/2/2d/Leimershof_7._US-Car-Treffen_Ford_Ranger_%28T6%2C_P703%29-20230910-RM-162447.jpg/3840px-Leimershof_7._US-Car-Treffen_Ford_Ranger_%28T6%2C_P703%29-20230910-RM-162447.jpg?utm_source=commons.wikimedia.org&utm_campaign=imageinfo&utm_content=thumbnail,,PENDING,
P0,VF-FORD-RANGER-P703-SINGLE-DOUBLE-CAB-CURRENT,Ford,Ranger,2,30.0,wikimedia_commons,"File:Ford Ranger (T6, P703) Wildtrak IMG 7320.jpg",Ford Ranger car,,2000,1129,Alexander-93,,CC BY-SA 4.0,https://creativecommons.org/licenses/by-sa/4.0,Alexander-93; Own work; CC BY-SA 4.0,"https://commons.wikimedia.org/wiki/File:Ford_Ranger_(T6,_P703)_Wildtrak_IMG_7320.jpg",https://upload.wikimedia.org/wikipedia/commons/thumb/2/28/Ford_Ranger_%28T6%2C_P703%29_Wildtrak_IMG_7320.jpg/3840px-Ford_Ranger_%28T6%2C_P703%29_Wildtrak_IMG_7320.jpg?utm_source=commons.wikimedia.org&utm_campaign=imageinfo&utm_content=thumbnail,,PENDING,
P0,VF-FORD-RANGER-P703-SINGLE-DOUBLE-CAB-CURRENT,Ford,Ranger,3,27.0,wikimedia_commons,File:'79 Ford F-150 Ranger (Toronto Spring '12 Classic Car Auction).JPG,Ford Ranger car,,2000,1443,Bull-Doser at English Wikipedia,,Public domain,,Bull-Doser at English Wikipedia; Own work .; Public domain,https://commons.wikimedia.org/wiki/File:'79_Ford_F-150_Ranger_(Toronto_Spring_'12_Classic_Car_Auction).JPG,https://upload.wikimedia.org/wikipedia/commons/a/a6/%2779_Ford_F-150_Ranger_%28Toronto_Spring_%2712_Classic_Car_Auction%29.JPG?utm_source=commons.wikimedia.org&utm_campaign=imageinfo&utm_content=thumbnail_unscaled,,PENDING,
P0,VF-ISUZU-D-MAX-2ND-GENERATION-SINGLE-EXTENDED-DOUBLE-CAB-MAJOR-FACELIFT-SPL,Isuzu,D-Max,1,30.0,wikimedia_commons,"File:ISUZU D-MAX (SECOND GENERATION, FACELIFT) CAMPING CAR IN CHINA.jpg",Isuzu D-Max car,,2000,1246,Dinkun Chen,,CC BY-SA 4.0,https://creativecommons.org/licenses/by-sa/4.0,Dinkun Chen; Own work; CC BY-SA 4.0,"https://commons.wikimedia.org/wiki/File:ISUZU_D-MAX_(SECOND_GENERATION,_FACELIFT)_CAMPING_CAR_IN_CHINA.jpg",https://upload.wikimedia.org/wikipedia/commons/thumb/d/dd/ISUZU_D-MAX_%28SECOND_GENERATION%2C_FACELIFT%29_CAMPING_CAR_IN_CHINA.jpg/3840px-ISUZU_D-MAX_%28SECOND_GENERATION%2C_FACELIFT%29_CAMPING_CAR_IN_CHINA.jpg?utm_source=commons.wikimedia.org&utm_campaign=imageinfo&utm_content=thumbnail,,PENDING,
P0,VF-ISUZU-D-MAX-2ND-GENERATION-SINGLE-EXTENDED-DOUBLE-CAB-MAJOR-FACELIFT-SPL,Isuzu,D-Max,2,30.0,wikimedia_commons,"File:ISUZU D-MAX (SECOND GENERATION, FACELIFT) CAMPING CAR IN CHINA (2).jpg",Isuzu D-Max car,,2000,1288,Dinkun Chen,,CC BY-SA 4.0,https://creativecommons.org/licenses/by-sa/4.0,Dinkun Chen; Own work; CC BY-SA 4.0,"https://commons.wikimedia.org/wiki/File:ISUZU_D-MAX_(SECOND_GENERATION,_FACELIFT)_CAMPING_CAR_IN_CHINA_(2).jpg",https://upload.wikimedia.org/wikipedia/commons/thumb/f/f4/ISUZU_D-MAX_%28SECOND_GENERATION%2C_FACELIFT%29_CAMPING_CAR_IN_CHINA_%282%29.jpg/3840px-ISUZU_D-MAX_%28SECOND_GENERATION%2C_FACELIFT%29_CAMPING_CAR_IN_CHINA_%282%29.jpg?utm_source=commons.wikimedia.org&utm_campaign=imageinfo&utm_content=thumbnail,,PENDING,
P0,VF-ISUZU-D-MAX-2ND-GENERATION-SINGLE-EXTENDED-DOUBLE-CAB-MAJOR-FACELIFT-SPL,Isuzu,D-Max,3,30.0,wikimedia_commons,"File:ISUZU D-MAX (SECOND GENERATION, PRE-FACELIFT) CAMPING CAR IN CHINA.jpg",Isuzu D-Max car,,2000,1173,Dinkun Chen,,CC BY-SA 4.0,https://creativecommons.org/licenses/by-sa/4.0,Dinkun Chen; Own work; CC BY-SA 4.0,"https://commons.wikimedia.org/wiki/File:ISUZU_D-MAX_(SECOND_GENERATION,_PRE-FACELIFT)_CAMPING_CAR_IN_CHINA.jpg",https://upload.wikimedia.org/wikipedia/commons/thumb/d/d8/ISUZU_D-MAX_%28SECOND_GENERATION%2C_PRE-FACELIFT%29_CAMPING_CAR_IN_CHINA.jpg/3840px-ISUZU_D-MAX_%28SECOND_GENERATION%2C_PRE-FACELIFT%29_CAMPING_CAR_IN_CHINA.jpg?utm_source=commons.wikimedia.org&utm_campaign=imageinfo&utm_content=thumbnail,,PENDING,
P0,VF-ISUZU-D-MAX-3RD-GENERATION-SINGLE-EXTENDED-DOUBLE-CAB-CURRENT-FACELIFT-S,Isuzu,D-Max,1,30.0,wikimedia_commons,"File:Moscow, Isuzu D-Max (3rd gen) Aug 2025 01.jpg",Isuzu D-Max 3rd generation car,,2000,1279,Retired electrician,,CC0,http://creativecommons.org/publicdomain/zero/1.0/deed.en,Retired electrician; Own work; CC0,"https://commons.wikimedia.org/wiki/File:Moscow,_Isuzu_D-Max_(3rd_gen)_Aug_2025_01.jpg",https://upload.wikimedia.org/wikipedia/commons/thumb/6/68/Moscow%2C_Isuzu_D-Max_%283rd_gen%29_Aug_2025_01.jpg/3840px-Moscow%2C_Isuzu_D-Max_%283rd_gen%29_Aug_2025_01.jpg?utm_source=commons.wikimedia.org&utm_campaign=imageinfo&utm_content=thumbnail,,PENDING,
P0,VF-ISUZU-D-MAX-3RD-GENERATION-SINGLE-EXTENDED-DOUBLE-CAB-CURRENT-FACELIFT-S,Isuzu,D-Max,2,30.0,wikimedia_commons,"File:ISUZU D-MAX (SECOND GENERATION, FACELIFT) CAMPING CAR IN CHINA.jpg",Isuzu D-Max car,,2000,1246,Dinkun Chen,,CC BY-SA 4.0,https://creativecommons.org/licenses/by-sa/4.0,Dinkun Chen; Own work; CC BY-SA 4.0,"https://commons.wikimedia.org/wiki/File:ISUZU_D-MAX_(SECOND_GENERATION,_FACELIFT)_CAMPING_CAR_IN_CHINA.jpg",https://upload.wikimedia.org/wikipedia/commons/thumb/d/dd/ISUZU_D-MAX_%28SECOND_GENERATION%2C_FACELIFT%29_CAMPING_CAR_IN_CHINA.jpg/3840px-ISUZU_D-MAX_%28SECOND_GENERATION%2C_FACELIFT%29_CAMPING_CAR_IN_CHINA.jpg?utm_source=commons.wikimedia.org&utm_campaign=imageinfo&utm_content=thumbnail,,PENDING,
P0,VF-ISUZU-D-MAX-3RD-GENERATION-SINGLE-EXTENDED-DOUBLE-CAB-CURRENT-FACELIFT-S,Isuzu,D-Max,3,30.0,wikimedia_commons,"File:ISUZU D-MAX (SECOND GENERATION, FACELIFT) CAMPING CAR IN CHINA (2).jpg",Isuzu D-Max car,,2000,1288,Dinkun Chen,,CC BY-SA 4.0,https://creativecommons.org/licenses/by-sa/4.0,Dinkun Chen; Own work; CC BY-SA 4.0,"https://commons.wikimedia.org/wiki/File:ISUZU_D-MAX_(SECOND_GENERATION,_FACELIFT)_CAMPING_CAR_IN_CHINA_(2).jpg",https://upload.wikimedia.org/wikipedia/commons/thumb/f/f4/ISUZU_D-MAX_%28SECOND_GENERATION%2C_FACELIFT%29_CAMPING_CAR_IN_CHINA_%282%29.jpg/3840px-ISUZU_D-MAX_%28SECOND_GENERATION%2C_FACELIFT%29_CAMPING_CAR_IN_CHINA_%282%29.jpg?utm_source=commons.wikimedia.org&utm_campaign=imageinfo&utm_content=thumbnail,,PENDING,
P0,VF-SUZUKI-SWIFT-PREVIOUS-REGIONAL-GENERATION-HATCHBACK-CURRENT-PHASE,Suzuki,Swift,1,28.0,wikimedia_commons,"File:1999 Suzuki Swift in Victory Red, Left Front.jpg",Suzuki Swift car,,2000,1336,ITakePhotosOfCars,,CC0,http://creativecommons.org/publicdomain/zero/1.0/deed.en,ITakePhotosOfCars; Own work; CC0,"https://commons.wikimedia.org/wiki/File:1999_Suzuki_Swift_in_Victory_Red,_Left_Front.jpg",https://upload.wikimedia.org/wikipedia/commons/a/a3/1999_Suzuki_Swift_in_Victory_Red%2C_Left_Front.jpg?utm_source=commons.wikimedia.org&utm_campaign=imageinfo&utm_content=thumbnail_unscaled,,PENDING,
P0,VF-SUZUKI-SWIFT-PREVIOUS-REGIONAL-GENERATION-HATCHBACK-CURRENT-PHASE,Suzuki,Swift,2,27.0,wikimedia_commons,File:Suzuki Swift at the 2005 Alsace-Vosges rally.jpg,Suzuki Swift car,,2000,1497,SunflowerYuri,,CC BY-SA 4.0,https://creativecommons.org/licenses/by-sa/4.0,SunflowerYuri; Own work; CC BY-SA 4.0,https://commons.wikimedia.org/wiki/File:Suzuki_Swift_at_the_2005_Alsace-Vosges_rally.jpg,https://upload.wikimedia.org/wikipedia/commons/e/eb/Suzuki_Swift_at_the_2005_Alsace-Vosges_rally.jpg?utm_source=commons.wikimedia.org&utm_campaign=imageinfo&utm_content=thumbnail_unscaled,,PENDING,
P0,VF-SUZUKI-SWIFT-PREVIOUS-REGIONAL-GENERATION-HATCHBACK-CURRENT-PHASE,Suzuki,Swift,3,27.0,wikimedia_commons,File:Suzuki Swift Stunt Car (94254).jpg,Suzuki Swift car,,2000,1474,Calreyn88,,CC BY-SA 4.0,https://creativecommons.org/licenses/by-sa/4.0,Calreyn88; Own work; CC BY-SA 4.0,https://commons.wikimedia.org/wiki/File:Suzuki_Swift_Stunt_Car_(94254).jpg,https://upload.wikimedia.org/wikipedia/commons/b/b9/Suzuki_Swift_Stunt_Car_%2894254%29.jpg?utm_source=commons.wikimedia.org&utm_campaign=imageinfo&utm_content=thumbnail_unscaled,,PENDING,
P0,VF-SUZUKI-SWIFT-CURRENT-GENERATION-HATCHBACK-CURRENT,Suzuki,Swift,1,28.0,wikimedia_commons,"File:1999 Suzuki Swift in Victory Red, Left Front.jpg",Suzuki Swift car,,2000,1336,ITakePhotosOfCars,,CC0,http://creativecommons.org/publicdomain/zero/1.0/deed.en,ITakePhotosOfCars; Own work; CC0,"https://commons.wikimedia.org/wiki/File:1999_Suzuki_Swift_in_Victory_Red,_Left_Front.jpg",https://upload.wikimedia.org/wikipedia/commons/a/a3/1999_Suzuki_Swift_in_Victory_Red%2C_Left_Front.jpg?utm_source=commons.wikimedia.org&utm_campaign=imageinfo&utm_content=thumbnail_unscaled,,PENDING,
P0,VF-SUZUKI-SWIFT-CURRENT-GENERATION-HATCHBACK-CURRENT,Suzuki,Swift,2,27.0,wikimedia_commons,File:Suzuki Swift at the 2005 Alsace-Vosges rally.jpg,Suzuki Swift car,,2000,1497,SunflowerYuri,,CC BY-SA 4.0,https://creativecommons.org/licenses/by-sa/4.0,SunflowerYuri; Own work; CC BY-SA 4.0,https://commons.wikimedia.org/wiki/File:Suzuki_Swift_at_the_2005_Alsace-Vosges_rally.jpg,https://upload.wikimedia.org/wikipedia/commons/e/eb/Suzuki_Swift_at_the_2005_Alsace-Vosges_rally.jpg?utm_source=commons.wikimedia.org&utm_campaign=imageinfo&utm_content=thumbnail_unscaled,,PENDING,
P0,VF-SUZUKI-SWIFT-CURRENT-GENERATION-HATCHBACK-CURRENT,Suzuki,Swift,3,27.0,wikimedia_commons,File:Suzuki Swift Stunt Car (94254).jpg,Suzuki Swift car,,2000,1474,Calreyn88,,CC BY-SA 4.0,https://creativecommons.org/licenses/by-sa/4.0,Calreyn88; Own work; CC BY-SA 4.0,https://commons.wikimedia.org/wiki/File:Suzuki_Swift_Stunt_Car_(94254).jpg,https://upload.wikimedia.org/wikipedia/commons/b/b9/Suzuki_Swift_Stunt_Car_%2894254%29.jpg?utm_source=commons.wikimedia.org&utm_campaign=imageinfo&utm_content=thumbnail_unscaled,,PENDING,
P0,VF-SUZUKI-FRONX-CURRENT-CROSSOVER-CURRENT,Suzuki,Fronx,1,21.0,openverse,Suzuki Fronx,Suzuki Fronx car,,1024,768,JLaw45,https://www.flickr.com/photos/27665395@N05,by,https://creativecommons.org/licenses/by/2.0/,"""Suzuki Fronx"" by JLaw45 is licensed under CC BY 2.0. To view a copy of this license, visit https://creativecommons.org/licenses/by/2.0/.",https://www.flickr.com/photos/27665395@N05/54380894571,https://live.staticflickr.com/65535/54380894571_f95152b558_b.jpg,,PENDING,
P0,VF-SUZUKI-FRONX-CURRENT-CROSSOVER-CURRENT,Suzuki,Fronx,2,21.0,openverse,Suzuki Fronx,Suzuki Fronx car,,1024,768,JLaw45,https://www.flickr.com/photos/27665395@N05,by,https://creativecommons.org/licenses/by/2.0/,"""Suzuki Fronx"" by JLaw45 is licensed under CC BY 2.0. To view a copy of this license, visit https://creativecommons.org/licenses/by/2.0/.",https://www.flickr.com/photos/27665395@N05/54381289130,https://live.staticflickr.com/65535/54381289130_91d9744bcf_b.jpg,,PENDING,
P0,VF-SUZUKI-FRONX-CURRENT-CROSSOVER-CURRENT,Suzuki,Fronx,3,21.0,openverse,Suzuki Fronx,Suzuki Fronx car,,1024,768,JLaw45,https://www.flickr.com/photos/27665395@N05,by,https://creativecommons.org/licenses/by/2.0/,"""Suzuki Fronx"" by JLaw45 is licensed under CC BY 2.0. To view a copy of this license, visit https://creativecommons.org/licenses/by/2.0/.",https://www.flickr.com/photos/27665395@N05/54380015352,https://live.staticflickr.com/65535/54380015352_00b80b3ce2_b.jpg,,PENDING,
P0,VF-HYUNDAI-GRAND-I10-CURRENT-REGIONAL-GENERATION-HATCHBACK-CURRENT-FACELIFT,Hyundai,Grand i10,1,35.0,wikimedia_commons,File:Hyundai Grand I10 Sedan.jpg,Hyundai Grand i10 car,,2000,1500,Mohammed Hamad,,CC BY-SA 4.0,https://creativecommons.org/licenses/by-sa/4.0,Mohammed Hamad; Own work; CC BY-SA 4.0,https://commons.wikimedia.org/wiki/File:Hyundai_Grand_I10_Sedan.jpg,https://upload.wikimedia.org/wikipedia/commons/c/c1/Hyundai_Grand_I10_Sedan.jpg?utm_source=commons.wikimedia.org&utm_campaign=imageinfo&utm_content=thumbnail_unscaled,,PENDING,
P0,VF-HYUNDAI-GRAND-I10-CURRENT-REGIONAL-GENERATION-HATCHBACK-CURRENT-FACELIFT,Hyundai,Grand i10,2,27.0,wikimedia_commons,File:2020 Hyundai i10 SE Connect 1.0.jpg,Hyundai Grand i10 car,,2000,1283,Vauxford,,CC BY-SA 4.0,https://creativecommons.org/licenses/by-sa/4.0,Vauxford; Own work; CC BY-SA 4.0,https://commons.wikimedia.org/wiki/File:2020_Hyundai_i10_SE_Connect_1.0.jpg,https://upload.wikimedia.org/wikipedia/commons/thumb/8/8a/2020_Hyundai_i10_SE_Connect_1.0.jpg/3840px-2020_Hyundai_i10_SE_Connect_1.0.jpg?utm_source=commons.wikimedia.org&utm_campaign=imageinfo&utm_content=thumbnail,,PENDING,
P0,VF-HYUNDAI-GRAND-I10-CURRENT-REGIONAL-GENERATION-HATCHBACK-CURRENT-FACELIFT,Hyundai,Grand i10,3,27.0,wikimedia_commons,File:2020 Hyundai i10 Premium 1.0 (1).jpg,Hyundai Grand i10 car,,2000,1162,Vauxford,,CC BY-SA 4.0,https://creativecommons.org/licenses/by-sa/4.0,Vauxford; Own work; CC BY-SA 4.0,https://commons.wikimedia.org/wiki/File:2020_Hyundai_i10_Premium_1.0_(1).jpg,https://upload.wikimedia.org/wikipedia/commons/thumb/f/f0/2020_Hyundai_i10_Premium_1.0_%281%29.jpg/3840px-2020_Hyundai_i10_Premium_1.0_%281%29.jpg?utm_source=commons.wikimedia.org&utm_campaign=imageinfo&utm_content=thumbnail,,PENDING,
P0,VF-CHERY-TIGGO-4-PRO-TIGGO-CROSS-CURRENT-REGIONAL-FAMILY-CROSSOVER-PRE-CROS,Chery,Tiggo 4 Pro / Tiggo Cross,0,-999,none,NO_ACCEPTABLE_CANDIDATE,Chery Tiggo 4 Pro / Tiggo Cross Current regional family crossover car | Chery Tiggo 4 Pro / Tiggo Cross Pre Cross Cross visual split car | Chery Tiggo 4 Pro / Tiggo Cross car,,,,,,,,,,,,PENDING,No commercially transformable candidate passed filters.
P0,VF-HAVAL-JOLION-B01-CROSSOVER-JOLION-JOLION-PRO-VISIBLE-PHASES,Haval,Jolion,1,27.0,wikimedia_commons,File:Haval Jolion 002.jpg,Haval Jolion car,,2000,1500,JustAnotherCarDesigner,,CC BY-SA 4.0,https://creativecommons.org/licenses/by-sa/4.0,JustAnotherCarDesigner; Own work; CC BY-SA 4.0,https://commons.wikimedia.org/wiki/File:Haval_Jolion_002.jpg,https://upload.wikimedia.org/wikipedia/commons/c/ce/Haval_Jolion_002.jpg?utm_source=commons.wikimedia.org&utm_campaign=imageinfo&utm_content=thumbnail_unscaled,,PENDING,
P0,VF-HAVAL-JOLION-B01-CROSSOVER-JOLION-JOLION-PRO-VISIBLE-PHASES,Haval,Jolion,2,27.0,wikimedia_commons,File:Haval Jolion 001.jpg,Haval Jolion car,,2000,1500,JustAnotherCarDesigner,,CC BY-SA 4.0,https://creativecommons.org/licenses/by-sa/4.0,JustAnotherCarDesigner; Own work; CC BY-SA 4.0,https://commons.wikimedia.org/wiki/File:Haval_Jolion_001.jpg,https://upload.wikimedia.org/wikipedia/commons/9/9e/Haval_Jolion_001.jpg?utm_source=commons.wikimedia.org&utm_campaign=imageinfo&utm_content=thumbnail_unscaled,,PENDING,
P0,VF-HAVAL-JOLION-B01-CROSSOVER-JOLION-JOLION-PRO-VISIBLE-PHASES,Haval,Jolion,3,27.0,wikimedia_commons,File:Haval Jolion 003.jpg,Haval Jolion car,,2000,1500,JustAnotherCarDesigner,,CC BY-SA 4.0,https://creativecommons.org/licenses/by-sa/4.0,JustAnotherCarDesigner; Own work; CC BY-SA 4.0,https://commons.wikimedia.org/wiki/File:Haval_Jolion_003.jpg,https://upload.wikimedia.org/wikipedia/commons/2/23/Haval_Jolion_003.jpg?utm_source=commons.wikimedia.org&utm_campaign=imageinfo&utm_content=thumbnail_unscaled,,PENDING,
P0,VF-KIA-SONET-QY-CROSSOVER-PRE-FACELIFT-FACELIFT,Kia,Sonet,0,-999,none,NO_ACCEPTABLE_CANDIDATE,Kia Sonet QY crossover car | Kia Sonet Pre facelift facelift car | Kia Sonet car,,,,,,,,,,,,PENDING,No commercially transformable candidate passed filters.
P0,VF-NISSAN-MAGNITE-HBN-CROSSOVER-PRE-FACELIFT-FACELIFT,Nissan,Magnite,1,27.0,wikimedia_commons,File:PIMS 2024 - Nissan Magnite Premium preview.jpg,Nissan Magnite Pre facelift facelift car,,2000,1333,Ethan Llamas,,CC BY-SA 4.0,https://creativecommons.org/licenses/by-sa/4.0,Ethan Llamas; Own work; CC BY-SA 4.0,https://commons.wikimedia.org/wiki/File:PIMS_2024_-_Nissan_Magnite_Premium_preview.jpg,https://upload.wikimedia.org/wikipedia/commons/thumb/e/eb/PIMS_2024_-_Nissan_Magnite_Premium_preview.jpg/3840px-PIMS_2024_-_Nissan_Magnite_Premium_preview.jpg?utm_source=commons.wikimedia.org&utm_campaign=imageinfo&utm_content=thumbnail,,PENDING,
P0,VF-MAHINDRA-SCORPIO-PIK-UP-CURRENT-REGIONAL-FAMILY-SINGLE-DOUBLE-CAB-MAJOR-,Mahindra,Scorpio Pik Up,1,43.0,wikimedia_commons,File:Mahindra Scorpio Pik-Up 001.jpg,Mahindra Scorpio Pik Up car,,2000,1500,JustAnotherCarDesigner,,CC BY-SA 4.0,https://creativecommons.org/licenses/by-sa/4.0,JustAnotherCarDesigner; Own work; CC BY-SA 4.0,https://commons.wikimedia.org/wiki/File:Mahindra_Scorpio_Pik-Up_001.jpg,https://upload.wikimedia.org/wikipedia/commons/d/d8/Mahindra_Scorpio_Pik-Up_001.jpg?utm_source=commons.wikimedia.org&utm_campaign=imageinfo&utm_content=thumbnail_unscaled,,PENDING,
P0,VF-RENAULT-KWID-CURRENT-REGIONAL-GENERATION-HATCHBACK-PRE-FACELIFT-FACELIFT,Renault,Kwid,1,21.0,openverse,Renault Kwid 1.0 Intens 2022,Renault Kwid car,,1024,576,RL GNZLZ,https://www.flickr.com/photos/37691369@N08,by-sa,https://creativecommons.org/licenses/by-sa/2.0/,"""Renault Kwid 1.0 Intens 2022"" by RL GNZLZ is licensed under CC BY-SA 2.0. To view a copy of this license, visit https://creativecommons.org/licenses/by-sa/2.0/.",https://www.flickr.com/photos/37691369@N08/52220839148,https://live.staticflickr.com/65535/52220839148_970df182d9_b.jpg,,PENDING,
P0,VF-VOLKSWAGEN-T-CROSS-C1-CROSSOVER-PRE-FACELIFT-FACELIFT,Volkswagen,T-Cross,1,27.0,wikimedia_commons,File:Volkswagen T-Cross R-Line Auto Zuerich 2023 1X7A1110.jpg,Volkswagen T-Cross car,,2000,1334,Alexander-93,,CC BY-SA 4.0,https://creativecommons.org/licenses/by-sa/4.0,Alexander-93; Own work; CC BY-SA 4.0,https://commons.wikimedia.org/wiki/File:Volkswagen_T-Cross_R-Line_Auto_Zuerich_2023_1X7A1110.jpg,https://upload.wikimedia.org/wikipedia/commons/thumb/d/dd/Volkswagen_T-Cross_R-Line_Auto_Zuerich_2023_1X7A1110.jpg/3840px-Volkswagen_T-Cross_R-Line_Auto_Zuerich_2023_1X7A1110.jpg?utm_source=commons.wikimedia.org&utm_campaign=imageinfo&utm_content=thumbnail,,PENDING,
P0,VF-VOLKSWAGEN-T-CROSS-C1-CROSSOVER-PRE-FACELIFT-FACELIFT,Volkswagen,T-Cross,2,27.0,wikimedia_commons,File:Volkswagen T-Cross R-Line Auto Zuerich 2023 1X7A1111.jpg,Volkswagen T-Cross car,,2000,1306,Alexander-93,,CC BY-SA 4.0,https://creativecommons.org/licenses/by-sa/4.0,Alexander-93; Own work; CC BY-SA 4.0,https://commons.wikimedia.org/wiki/File:Volkswagen_T-Cross_R-Line_Auto_Zuerich_2023_1X7A1111.jpg,https://upload.wikimedia.org/wikipedia/commons/thumb/b/bf/Volkswagen_T-Cross_R-Line_Auto_Zuerich_2023_1X7A1111.jpg/3840px-Volkswagen_T-Cross_R-Line_Auto_Zuerich_2023_1X7A1111.jpg?utm_source=commons.wikimedia.org&utm_campaign=imageinfo&utm_content=thumbnail,,PENDING,
P0,VF-TOYOTA-HIACE-QUANTUM-H200-H300-VAN-MINIBUS-H200-VS-H300,Toyota,HiAce / Quantum,0,-999,none,NO_ACCEPTABLE_CANDIDATE,Toyota HiAce / Quantum H200/H300 van car | Toyota HiAce / Quantum H200 vs H300 car | Toyota HiAce / Quantum car,,,,,,,,,,,,PENDING,No commercially transformable candidate passed filters.
P0,VF-GWM-P-SERIES-P300-CURRENT-EXPORT-FAMILY-PICKUP-MAJOR-VISUAL-PHASE,GWM,P-Series / P300,0,-999,none,NO_ACCEPTABLE_CANDIDATE,GWM P-Series / P300 Current export family pickup car | GWM P-Series / P300 Major visual phase car | GWM P-Series / P300 car,,,,,,,,,,,,PENDING,No commercially transformable candidate passed filters.
P0,VF-GWM-P500-CURRENT-PICKUP-CURRENT,GWM,P500,0,-999,none,NO_ACCEPTABLE_CANDIDATE,GWM P500 Current pickup car | GWM P500 car,,,,,,,,,,,,PENDING,No commercially transformable candidate passed filters.
P0,VF-HAVAL-H6-3RD-GENERATION-SUV-PRE-FACELIFT-FACELIFT,Haval,H6,1,27.0,wikimedia_commons,File:2021 Haval H6 2.0T Active.jpg,Haval H6 3rd generation suv car,,2000,1075,RL GNZLZ,,CC BY-SA 2.0,https://creativecommons.org/licenses/by-sa/2.0,RL GNZLZ; https://www.flickr.com/photos/juanelo242a/51692232029/; CC BY-SA 2.0,https://commons.wikimedia.org/wiki/File:2021_Haval_H6_2.0T_Active.jpg,https://upload.wikimedia.org/wikipedia/commons/thumb/e/e1/2021_Haval_H6_2.0T_Active.jpg/3840px-2021_Haval_H6_2.0T_Active.jpg?utm_source=commons.wikimedia.org&utm_campaign=imageinfo&utm_content=thumbnail,,PENDING,
P0,VF-HAVAL-H6-3RD-GENERATION-SUV-PRE-FACELIFT-FACELIFT,Haval,H6,2,27.0,wikimedia_commons,File:Haval H6 2.0T.jpg,Haval H6 car,,2000,1380,Rutger van der Maar,,CC BY 2.0,https://creativecommons.org/licenses/by/2.0,Rutger van der Maar; https://www.flickr.com/photos/rutgervandermaar/38110256646/; CC BY 2.0,https://commons.wikimedia.org/wiki/File:Haval_H6_2.0T.jpg,https://upload.wikimedia.org/wikipedia/commons/b/b7/Haval_H6_2.0T.jpg?utm_source=commons.wikimedia.org&utm_campaign=imageinfo&utm_content=thumbnail_unscaled,,PENDING,
P0,VF-HAVAL-H6-3RD-GENERATION-SUV-PRE-FACELIFT-FACELIFT,Haval,H6,3,27.0,wikimedia_commons,File:Haval H6 Red Label.jpg,Haval H6 car,,2000,1422,Rutger van der Maar,,CC BY 2.0,https://creativecommons.org/licenses/by/2.0,Rutger van der Maar; https://www.flickr.com/photos/rutgervandermaar/35880133486/; CC BY 2.0,https://commons.wikimedia.org/wiki/File:Haval_H6_Red_Label.jpg,https://upload.wikimedia.org/wikipedia/commons/d/de/Haval_H6_Red_Label.jpg?utm_source=commons.wikimedia.org&utm_campaign=imageinfo&utm_content=thumbnail_unscaled,,PENDING,
P0,VF-HAVAL-H6-GT-CURRENT-COUPE-SUV-CURRENT,Haval,H6 GT,0,-999,none,NO_ACCEPTABLE_CANDIDATE,Haval H6 GT Current coupe car | Haval H6 GT car,,,,,,,,,,,,PENDING,No commercially transformable candidate passed filters.
P0,VF-TANK-300-CURRENT-SUV-CURRENT-FACELIFT,Tank,300,1,28.0,wikimedia_commons,File:GWM Tank 300 Car Rear view at Universitas Widyatama.jpg,Tank 300 car,,2000,1500,MRWikiTankenTai,,CC BY-SA 4.0,https://creativecommons.org/licenses/by-sa/4.0,MRWikiTankenTai; Own work; CC BY-SA 4.0,https://commons.wikimedia.org/wiki/File:GWM_Tank_300_Car_Rear_view_at_Universitas_Widyatama.jpg,https://upload.wikimedia.org/wikipedia/commons/thumb/b/b0/GWM_Tank_300_Car_Rear_view_at_Universitas_Widyatama.jpg/3840px-GWM_Tank_300_Car_Rear_view_at_Universitas_Widyatama.jpg?utm_source=commons.wikimedia.org&utm_campaign=imageinfo&utm_content=thumbnail,,PENDING,
P0,VF-TANK-300-CURRENT-SUV-CURRENT-FACELIFT,Tank,300,2,27.0,wikimedia_commons,File:Tank 300 001.jpg,Tank 300 car,,2000,1500,JustAnotherCarDesigner,,CC BY-SA 4.0,https://creativecommons.org/licenses/by-sa/4.0,JustAnotherCarDesigner; Own work; CC BY-SA 4.0,https://commons.wikimedia.org/wiki/File:Tank_300_001.jpg,https://upload.wikimedia.org/wikipedia/commons/4/42/Tank_300_001.jpg?utm_source=commons.wikimedia.org&utm_campaign=imageinfo&utm_content=thumbnail_unscaled,,PENDING,
P0,VF-TANK-300-CURRENT-SUV-CURRENT-FACELIFT,Tank,300,3,27.0,wikimedia_commons,File:Tank 300 003.jpg,Tank 300 car,,2000,1500,JustAnotherCarDesigner,,CC BY-SA 4.0,https://creativecommons.org/licenses/by-sa/4.0,JustAnotherCarDesigner; Own work; CC BY-SA 4.0,https://commons.wikimedia.org/wiki/File:Tank_300_003.jpg,https://upload.wikimedia.org/wikipedia/commons/thumb/f/f4/Tank_300_003.jpg/3840px-Tank_300_003.jpg?utm_source=commons.wikimedia.org&utm_campaign=imageinfo&utm_content=thumbnail,,PENDING,
P0,VF-TANK-500-CURRENT-SUV-CURRENT,Tank,500,1,27.0,wikimedia_commons,File:Tank 500 001.jpg,Tank 500 car,,2000,1500,JustAnotherCarDesigner,,CC BY-SA 4.0,https://creativecommons.org/licenses/by-sa/4.0,JustAnotherCarDesigner; Own work; CC BY-SA 4.0,https://commons.wikimedia.org/wiki/File:Tank_500_001.jpg,https://upload.wikimedia.org/wikipedia/commons/thumb/d/d8/Tank_500_001.jpg/3840px-Tank_500_001.jpg?utm_source=commons.wikimedia.org&utm_campaign=imageinfo&utm_content=thumbnail,,PENDING,
P0,VF-TANK-500-CURRENT-SUV-CURRENT,Tank,500,2,27.0,wikimedia_commons,File:Tank 500 002.jpg,Tank 500 car,,2000,1500,JustAnotherCarDesigner,,CC BY-SA 4.0,https://creativecommons.org/licenses/by-sa/4.0,JustAnotherCarDesigner; Own work; CC BY-SA 4.0,https://commons.wikimedia.org/wiki/File:Tank_500_002.jpg,https://upload.wikimedia.org/wikipedia/commons/thumb/5/50/Tank_500_002.jpg/3840px-Tank_500_002.jpg?utm_source=commons.wikimedia.org&utm_campaign=imageinfo&utm_content=thumbnail,,PENDING,
P0,VF-TANK-500-CURRENT-SUV-CURRENT,Tank,500,3,27.0,wikimedia_commons,File:Tank 500 003.jpg,Tank 500 car,,2000,1500,JustAnotherCarDesigner,,CC BY-SA 4.0,https://creativecommons.org/licenses/by-sa/4.0,JustAnotherCarDesigner; Own work; CC BY-SA 4.0,https://commons.wikimedia.org/wiki/File:Tank_500_003.jpg,https://upload.wikimedia.org/wikipedia/commons/thumb/e/ec/Tank_500_003.jpg/3840px-Tank_500_003.jpg?utm_source=commons.wikimedia.org&utm_campaign=imageinfo&utm_content=thumbnail,,PENDING,
P0,VF-BYD-ATTO-3-YUAN-PLUS-CURRENT-CROSSOVER-CURRENT-FACELIFT,BYD,Atto 3 / Yuan Plus,1,35.0,wikimedia_commons,File:BYD Yuan Plus 001.jpg,BYD Atto 3 / Yuan Plus car,,2000,1500,JustAnotherCarDesigner,,CC BY-SA 4.0,https://creativecommons.org/licenses/by-sa/4.0,JustAnotherCarDesigner; Own work; CC BY-SA 4.0,https://commons.wikimedia.org/wiki/File:BYD_Yuan_Plus_001.jpg,https://upload.wikimedia.org/wikipedia/commons/thumb/b/bd/BYD_Yuan_Plus_001.jpg/3840px-BYD_Yuan_Plus_001.jpg?utm_source=commons.wikimedia.org&utm_campaign=imageinfo&utm_content=thumbnail,,PENDING,
P0,VF-BYD-ATTO-3-YUAN-PLUS-CURRENT-CROSSOVER-CURRENT-FACELIFT,BYD,Atto 3 / Yuan Plus,2,28.0,wikimedia_commons,File:BYD Atto 3 front-left.jpg,BYD Atto 3 / Yuan Plus car,,2000,1333,Hubert Berberich ( HubiB ),,CC BY 4.0,https://creativecommons.org/licenses/by/4.0,Hubert Berberich ( HubiB ); Own work; CC BY 4.0,https://commons.wikimedia.org/wiki/File:BYD_Atto_3_front-left.jpg,https://upload.wikimedia.org/wikipedia/commons/thumb/4/46/BYD_Atto_3_front-left.jpg/3840px-BYD_Atto_3_front-left.jpg?utm_source=commons.wikimedia.org&utm_campaign=imageinfo&utm_content=thumbnail,,PENDING,
P0,VF-BYD-ATTO-3-YUAN-PLUS-CURRENT-CROSSOVER-CURRENT-FACELIFT,BYD,Atto 3 / Yuan Plus,3,27.0,wikimedia_commons,File:BYD Atto 3 left.jpg,BYD Atto 3 / Yuan Plus car,,2000,1333,Hubert Berberich ( HubiB ),,CC BY 4.0,https://creativecommons.org/licenses/by/4.0,Hubert Berberich ( HubiB ); Own work; CC BY 4.0,https://commons.wikimedia.org/wiki/File:BYD_Atto_3_left.jpg,https://upload.wikimedia.org/wikipedia/commons/thumb/b/b1/BYD_Atto_3_left.jpg/3840px-BYD_Atto_3_left.jpg?utm_source=commons.wikimedia.org&utm_campaign=imageinfo&utm_content=thumbnail,,PENDING,
P0,VF-BYD-DOLPHIN-CURRENT-HATCHBACK-CURRENT-FACELIFT,BYD,Dolphin,1,27.0,wikimedia_commons,File:SIN BYD Dolphin showcar @ The Car Show 2023 2023-10-14.jpg,BYD Dolphin car,,2000,1600,S5A-0043,,CC BY-SA 4.0,https://creativecommons.org/licenses/by-sa/4.0,S5A-0043; Own work; CC BY-SA 4.0,https://commons.wikimedia.org/wiki/File:SIN_BYD_Dolphin_showcar_@_The_Car_Show_2023_2023-10-14.jpg,https://upload.wikimedia.org/wikipedia/commons/2/21/SIN_BYD_Dolphin_showcar_%40_The_Car_Show_2023_2023-10-14.jpg?utm_source=commons.wikimedia.org&utm_campaign=imageinfo&utm_content=thumbnail_unscaled,,PENDING,
P0,VF-BYD-DOLPHIN-CURRENT-HATCHBACK-CURRENT-FACELIFT,BYD,Dolphin,2,27.0,wikimedia_commons,File:BYD Dolphin facelift 001.jpg,BYD Dolphin car,,2000,1500,JustAnotherCarDesigner,,CC0,http://creativecommons.org/publicdomain/zero/1.0/deed.en,JustAnotherCarDesigner; Own work; CC0,https://commons.wikimedia.org/wiki/File:BYD_Dolphin_facelift_001.jpg,https://upload.wikimedia.org/wikipedia/commons/3/3d/BYD_Dolphin_facelift_001.jpg?utm_source=commons.wikimedia.org&utm_campaign=imageinfo&utm_content=thumbnail_unscaled,,PENDING,
P0,VF-BYD-DOLPHIN-CURRENT-HATCHBACK-CURRENT-FACELIFT,BYD,Dolphin,3,27.0,wikimedia_commons,File:BYD Dolphin facelift 002.jpg,BYD Dolphin car,,2000,1500,JustAnotherCarDesigner,,CC0,http://creativecommons.org/publicdomain/zero/1.0/deed.en,JustAnotherCarDesigner; Own work; CC0,https://commons.wikimedia.org/wiki/File:BYD_Dolphin_facelift_002.jpg,https://upload.wikimedia.org/wikipedia/commons/e/e3/BYD_Dolphin_facelift_002.jpg?utm_source=commons.wikimedia.org&utm_campaign=imageinfo&utm_content=thumbnail_unscaled,,PENDING,
P0,VF-BYD-SEAL-CURRENT-SEDAN-CURRENT,BYD,Seal,1,27.0,wikimedia_commons,File:BYD Seal 06 DM-i 003.jpg,BYD Seal car,,2000,1500,JustAnotherCarDesigner,,CC0,http://creativecommons.org/publicdomain/zero/1.0/deed.en,JustAnotherCarDesigner; Own work; CC0,https://commons.wikimedia.org/wiki/File:BYD_Seal_06_DM-i_003.jpg,https://upload.wikimedia.org/wikipedia/commons/thumb/6/6c/BYD_Seal_06_DM-i_003.jpg/3840px-BYD_Seal_06_DM-i_003.jpg?utm_source=commons.wikimedia.org&utm_campaign=imageinfo&utm_content=thumbnail,,PENDING,
P0,VF-BYD-SEAL-CURRENT-SEDAN-CURRENT,BYD,Seal,2,27.0,wikimedia_commons,File:2024 BYD Seal 06 DM-i.jpg,BYD Seal car,,2000,1133,User 3204,,CC BY-SA 4.0,https://creativecommons.org/licenses/by-sa/4.0,User 3204; Own work; CC BY-SA 4.0,https://commons.wikimedia.org/wiki/File:2024_BYD_Seal_06_DM-i.jpg,https://upload.wikimedia.org/wikipedia/commons/thumb/1/1b/2024_BYD_Seal_06_DM-i.jpg/3840px-2024_BYD_Seal_06_DM-i.jpg?utm_source=commons.wikimedia.org&utm_campaign=imageinfo&utm_content=thumbnail,,PENDING,
P0,VF-BYD-SEAL-CURRENT-SEDAN-CURRENT,BYD,Seal,3,27.0,wikimedia_commons,File:BYD Seal 06 DM-i 005.jpg,BYD Seal car,,2000,1500,JustAnotherCarDesigner,,CC0,http://creativecommons.org/publicdomain/zero/1.0/deed.en,JustAnotherCarDesigner; Own work; CC0,https://commons.wikimedia.org/wiki/File:BYD_Seal_06_DM-i_005.jpg,https://upload.wikimedia.org/wikipedia/commons/thumb/f/f7/BYD_Seal_06_DM-i_005.jpg/3840px-BYD_Seal_06_DM-i_005.jpg?utm_source=commons.wikimedia.org&utm_campaign=imageinfo&utm_content=thumbnail,,PENDING,
P0,VF-BYD-SEALION-6-SONG-PLUS-DM-I-CURRENT-SUV-CURRENT,BYD,Sealion 6 / Song Plus DM-i,0,-999,none,NO_ACCEPTABLE_CANDIDATE,BYD Sealion 6 / Song Plus DM-i Current suv car | BYD Sealion 6 / Song Plus DM-i car,,,,,,,,,,,,PENDING,No commercially transformable candidate passed filters.
P0,VF-BYD-SHARK-6-DMO-CURRENT-PICKUP-CURRENT,BYD,Shark 6 DMO,0,-999,none,NO_ACCEPTABLE_CANDIDATE,BYD Shark 6 DMO Current pickup car | BYD Shark 6 DMO car,,,,,,,,,,,,PENDING,No commercially transformable candidate passed filters.
P0,VF-OMODA-C5-CURRENT-CROSSOVER-C5-C5-X-SHS-VISUAL-CHECK,OMODA,C5,1,27.0,wikimedia_commons,File:Omoda C5 dealer advertising car Moscow 2023-03.tiff,OMODA C5 car,,2000,1333,Svetlov Artem,,CC0,http://creativecommons.org/publicdomain/zero/1.0/deed.en,Svetlov Artem; Own work; CC0,https://commons.wikimedia.org/wiki/File:Omoda_C5_dealer_advertising_car_Moscow_2023-03.tiff,https://upload.wikimedia.org/wikipedia/commons/thumb/8/83/Omoda_C5_dealer_advertising_car_Moscow_2023-03.tiff/lossy-page1-1280px-Omoda_C5_dealer_advertising_car_Moscow_2023-03.tiff.jpg?utm_source=commons.wikimedia.org&utm_campaign=imageinfo&utm_content=thumbnail,,PENDING,
P0,VF-OMODA-C5-CURRENT-CROSSOVER-C5-C5-X-SHS-VISUAL-CHECK,OMODA,C5,2,27.0,wikimedia_commons,File:Omoda C5 dealer advertising car Moscow 2023-03 2.tiff,OMODA C5 car,,2000,1500,Svetlov Artem,,CC0,http://creativecommons.org/publicdomain/zero/1.0/deed.en,Svetlov Artem; Own work; CC0,https://commons.wikimedia.org/wiki/File:Omoda_C5_dealer_advertising_car_Moscow_2023-03_2.tiff,https://upload.wikimedia.org/wikipedia/commons/thumb/a/a6/Omoda_C5_dealer_advertising_car_Moscow_2023-03_2.tiff/lossy-page1-1280px-Omoda_C5_dealer_advertising_car_Moscow_2023-03_2.tiff.jpg?utm_source=commons.wikimedia.org&utm_campaign=imageinfo&utm_content=thumbnail,,PENDING,
P0,VF-OMODA-C5-CURRENT-CROSSOVER-C5-C5-X-SHS-VISUAL-CHECK,OMODA,C5,3,27.0,wikimedia_commons,File:Omoda C5 AWD Moscow 2023-09.tiff,OMODA C5 car,,2000,1498,Svetlov Artem,,CC0,http://creativecommons.org/publicdomain/zero/1.0/deed.en,Svetlov Artem; Own work; CC0,https://commons.wikimedia.org/wiki/File:Omoda_C5_AWD_Moscow_2023-09.tiff,https://upload.wikimedia.org/wikipedia/commons/thumb/c/c7/Omoda_C5_AWD_Moscow_2023-09.tiff/lossy-page1-3840px-Omoda_C5_AWD_Moscow_2023-09.tiff.jpg?utm_source=commons.wikimedia.org&utm_campaign=imageinfo&utm_content=thumbnail,,PENDING,
P0,VF-JAECOO-J7-CURRENT-SUV-ICE-SHS-VISUAL-CHECK,JAECOO,J7,1,27.0,wikimedia_commons,"File:Moscow, rental Delimobil Jaecoo J7 (01).jpg",JAECOO J7 car,,2000,1331,Retired electrician,,CC0,http://creativecommons.org/publicdomain/zero/1.0/deed.en,Retired electrician; Own work; CC0,"https://commons.wikimedia.org/wiki/File:Moscow,_rental_Delimobil_Jaecoo_J7_(01).jpg",https://upload.wikimedia.org/wikipedia/commons/6/67/Moscow%2C_rental_Delimobil_Jaecoo_J7_%2801%29.jpg?utm_source=commons.wikimedia.org&utm_campaign=imageinfo&utm_content=thumbnail_unscaled,,PENDING,
P0,VF-JAECOO-J7-CURRENT-SUV-ICE-SHS-VISUAL-CHECK,JAECOO,J7,2,27.0,wikimedia_commons,"File:Moscow, rental Delimobil Jaecoo J7 (3).jpg",JAECOO J7 car,,2000,1331,Retired electrician,,CC0,http://creativecommons.org/publicdomain/zero/1.0/deed.en,Retired electrician; Own work; CC0,"https://commons.wikimedia.org/wiki/File:Moscow,_rental_Delimobil_Jaecoo_J7_(3).jpg",https://upload.wikimedia.org/wikipedia/commons/7/7d/Moscow%2C_rental_Delimobil_Jaecoo_J7_%283%29.jpg?utm_source=commons.wikimedia.org&utm_campaign=imageinfo&utm_content=thumbnail_unscaled,,PENDING,
P0,VF-JAECOO-J7-CURRENT-SUV-ICE-SHS-VISUAL-CHECK,JAECOO,J7,3,27.0,wikimedia_commons,"File:Moscow, rental Delimobil Jaecoo J7 (5).jpg",JAECOO J7 car,,2000,1331,Retired electrician,,CC0,http://creativecommons.org/publicdomain/zero/1.0/deed.en,Retired electrician; Own work; CC0,"https://commons.wikimedia.org/wiki/File:Moscow,_rental_Delimobil_Jaecoo_J7_(5).jpg",https://upload.wikimedia.org/wikipedia/commons/6/63/Moscow%2C_rental_Delimobil_Jaecoo_J7_%285%29.jpg?utm_source=commons.wikimedia.org&utm_campaign=imageinfo&utm_content=thumbnail_unscaled,,PENDING,
P0,VF-JETOUR-DASHING-CURRENT-SUV-CURRENT,Jetour,Dashing,1,27.0,wikimedia_commons,File:Jetour Dashing 005.jpg,Jetour Dashing car,,2000,1500,JustAnotherCarDesigner,,CC BY-SA 4.0,https://creativecommons.org/licenses/by-sa/4.0,JustAnotherCarDesigner; Own work; CC BY-SA 4.0,https://commons.wikimedia.org/wiki/File:Jetour_Dashing_005.jpg,https://upload.wikimedia.org/wikipedia/commons/thumb/9/94/Jetour_Dashing_005.jpg/3840px-Jetour_Dashing_005.jpg?utm_source=commons.wikimedia.org&utm_campaign=imageinfo&utm_content=thumbnail,,PENDING,
P0,VF-JETOUR-DASHING-CURRENT-SUV-CURRENT,Jetour,Dashing,2,27.0,wikimedia_commons,File:Jetour Dashing 007.jpg,Jetour Dashing car,,2000,1500,JustAnotherCarDesigner,,CC0,http://creativecommons.org/publicdomain/zero/1.0/deed.en,JustAnotherCarDesigner; Own work; CC0,https://commons.wikimedia.org/wiki/File:Jetour_Dashing_007.jpg,https://upload.wikimedia.org/wikipedia/commons/thumb/0/09/Jetour_Dashing_007.jpg/3840px-Jetour_Dashing_007.jpg?utm_source=commons.wikimedia.org&utm_campaign=imageinfo&utm_content=thumbnail,,PENDING,
P0,VF-JETOUR-DASHING-CURRENT-SUV-CURRENT,Jetour,Dashing,3,27.0,wikimedia_commons,File:Jetour Dashing 006.jpg,Jetour Dashing car,,2000,1500,JustAnotherCarDesigner,,CC0,http://creativecommons.org/publicdomain/zero/1.0/deed.en,JustAnotherCarDesigner; Own work; CC0,https://commons.wikimedia.org/wiki/File:Jetour_Dashing_006.jpg,https://upload.wikimedia.org/wikipedia/commons/1/17/Jetour_Dashing_006.jpg?utm_source=commons.wikimedia.org&utm_campaign=imageinfo&utm_content=thumbnail_unscaled,,PENDING,
P0,VF-JETOUR-X70-PLUS-CURRENT-SUV-CURRENT-FACELIFT,Jetour,X70 Plus,1,35.0,wikimedia_commons,File:Jetour X70 Plus 009.jpg,Jetour X70 Plus car,,2000,1500,JustAnotherCarDesigner,,CC0,http://creativecommons.org/publicdomain/zero/1.0/deed.en,JustAnotherCarDesigner; Own work; CC0,https://commons.wikimedia.org/wiki/File:Jetour_X70_Plus_009.jpg,https://upload.wikimedia.org/wikipedia/commons/thumb/8/86/Jetour_X70_Plus_009.jpg/3840px-Jetour_X70_Plus_009.jpg?utm_source=commons.wikimedia.org&utm_campaign=imageinfo&utm_content=thumbnail,,PENDING,
P0,VF-JETOUR-X70-PLUS-CURRENT-SUV-CURRENT-FACELIFT,Jetour,X70 Plus,2,35.0,wikimedia_commons,File:Jetour X70 Plus 010.jpg,Jetour X70 Plus car,,2000,1500,JustAnotherCarDesigner,,CC0,http://creativecommons.org/publicdomain/zero/1.0/deed.en,JustAnotherCarDesigner; Own work; CC0,https://commons.wikimedia.org/wiki/File:Jetour_X70_Plus_010.jpg,https://upload.wikimedia.org/wikipedia/commons/thumb/1/18/Jetour_X70_Plus_010.jpg/3840px-Jetour_X70_Plus_010.jpg?utm_source=commons.wikimedia.org&utm_campaign=imageinfo&utm_content=thumbnail,,PENDING,
P0,VF-JETOUR-X70-PLUS-CURRENT-SUV-CURRENT-FACELIFT,Jetour,X70 Plus,3,35.0,wikimedia_commons,File:Jetour X70 Plus 2024 facelift 001.jpg,Jetour X70 Plus car,,2000,1500,JustAnotherCarDesigner,,CC0,http://creativecommons.org/publicdomain/zero/1.0/deed.en,JustAnotherCarDesigner; Own work; CC0,https://commons.wikimedia.org/wiki/File:Jetour_X70_Plus_2024_facelift_001.jpg,https://upload.wikimedia.org/wikipedia/commons/thumb/1/10/Jetour_X70_Plus_2024_facelift_001.jpg/3840px-Jetour_X70_Plus_2024_facelift_001.jpg?utm_source=commons.wikimedia.org&utm_campaign=imageinfo&utm_content=thumbnail,,PENDING,
P0,VF-GEELY-EX5-GALAXY-E5-CURRENT-CROSSOVER-CURRENT,Geely,EX5 / Galaxy E5,0,-999,none,NO_ACCEPTABLE_CANDIDATE,Geely EX5 / Galaxy E5 Current crossover car | Geely EX5 / Galaxy E5 car,,,,,,,,,,,,PENDING,No commercially transformable candidate passed filters.
P0,VF-BAIC-X55-PLUS-CURRENT-CROSSOVER-CURRENT,BAIC,X55 Plus,0,-999,none,NO_ACCEPTABLE_CANDIDATE,BAIC X55 Plus Current crossover car | BAIC X55 Plus car,,,,,,,,,,,,PENDING,No commercially transformable candidate passed filters.
P0,VF-JAC-T9-CURRENT-PICKUP-CURRENT,JAC,T9,1,29.0,wikimedia_commons,"File:Moscow, JAC T9 pickup, Aug 2025 01.jpg",JAC T9 car,,2000,1221,Retired electrician,,CC0,http://creativecommons.org/publicdomain/zero/1.0/deed.en,Retired electrician; Own work; CC0,"https://commons.wikimedia.org/wiki/File:Moscow,_JAC_T9_pickup,_Aug_2025_01.jpg",https://upload.wikimedia.org/wikipedia/commons/1/15/Moscow%2C_JAC_T9_pickup%2C_Aug_2025_01.jpg?utm_source=commons.wikimedia.org&utm_campaign=imageinfo&utm_content=thumbnail_unscaled,,PENDING,
P0,VF-JAC-T9-CURRENT-PICKUP-CURRENT,JAC,T9,2,29.0,wikimedia_commons,"File:Moscow, JAC T9 pickup, Aug 2025 02.jpg",JAC T9 car,,2000,1333,Retired electrician,,CC0,http://creativecommons.org/publicdomain/zero/1.0/deed.en,Retired electrician; Own work; CC0,"https://commons.wikimedia.org/wiki/File:Moscow,_JAC_T9_pickup,_Aug_2025_02.jpg",https://upload.wikimedia.org/wikipedia/commons/c/cf/Moscow%2C_JAC_T9_pickup%2C_Aug_2025_02.jpg?utm_source=commons.wikimedia.org&utm_campaign=imageinfo&utm_content=thumbnail_unscaled,,PENDING,
P0,VF-JAC-T9-CURRENT-PICKUP-CURRENT,JAC,T9,3,29.0,wikimedia_commons,"File:Moscow, JAC T9 pickup Sept 2025 01 crop-1.jpg",JAC T9 car,,2000,1333,Retired electrician,,CC0,http://creativecommons.org/publicdomain/zero/1.0/deed.en,Retired electrician; Own work; CC0,"https://commons.wikimedia.org/wiki/File:Moscow,_JAC_T9_pickup_Sept_2025_01_crop-1.jpg",https://upload.wikimedia.org/wikipedia/commons/9/9a/Moscow%2C_JAC_T9_pickup_Sept_2025_01_crop-1.jpg?utm_source=commons.wikimedia.org&utm_campaign=imageinfo&utm_content=thumbnail_unscaled,,PENDING,
