Priority,Selected?,Region,Make,Model Family,Generation / Platform,Production Years,Body Style,Facelift / Visual Phase,Proposed VISUAL_FAMILY_ID,Variants that share this visual,China catalog?,Confidence,Hero Source Status,Candidate Hero URL,Hero License,Attribution Status,Notes
P0,Review,Southern Africa,Toyota,Hilux,AN120/AN130,2015–present,Single Cab,Pre-facelift / facelift split,VF-TOYOTA-HILUX-AN120-AN130-SINGLE-CAB-PRE-FACELIFT-FACELIFT-SPLIT,Engine/transmission/drivetrain/trim variants share within same visible body phase.,No,High,SOURCE_REQUIRED,,UNVERIFIED,UNVERIFIED,Split cab types and major fascia changes.
P0,Review,Southern Africa,Toyota,Hilux,AN120/AN130,2015–present,Double Cab,Pre-facelift,VF-TOYOTA-HILUX-AN120-AN130-DOUBLE-CAB-PRE-FACELIFT,"2.4/2.8, MT/AT, 2WD/4WD share.",No,High,SOURCE_REQUIRED,,UNVERIFIED,UNVERIFIED,Exact parts routed by FITMENT_ID.
P0,Review,Southern Africa,Toyota,Hilux,AN120/AN130,2020–present,Double Cab,Facelift,VF-TOYOTA-HILUX-AN120-AN130-DOUBLE-CAB-FACELIFT,Externally similar facelift variants share.,No,High,SOURCE_REQUIRED,,UNVERIFIED,UNVERIFIED,GR Sport only separate if body kit materially changes recognition.
P0,Review,Southern Africa,Toyota,Fortuner,AN160,2015–present,SUV,Pre-facelift / facelift split,VF-TOYOTA-FORTUNER-AN160-SUV-PRE-FACELIFT-FACELIFT-SPLIT,All engines/drivetrains share per visible phase.,No,High,SOURCE_REQUIRED,,UNVERIFIED,UNVERIFIED,
P0,Review,Southern Africa,Toyota,Corolla Cross,XG10,2020–present,Crossover,Pre-facelift / facelift split,VF-TOYOTA-COROLLA-CROSS-XG10-CROSSOVER-PRE-FACELIFT-FACELIFT-SPLIT,ICE/hybrid share where body is visually same.,No,High,SOURCE_REQUIRED,,UNVERIFIED,UNVERIFIED,
P0,Review,Southern Africa,Toyota,Starlet,Baleno-derived regional generation,2020–present,Hatchback,Generation/facelift split,VF-TOYOTA-STARLET-BALENO-DERIVED-REGIONAL-GENERATION-HATCHBACK-GENERATION-F,Powertrains share within visible shell.,No,Medium,SOURCE_REQUIRED,,UNVERIFIED,UNVERIFIED,Resolve exact regional phase from provider.
P0,Review,Southern Africa,Toyota,Vitz,Celerio-derived regional generation,2023–present,Hatchback,Current,VF-TOYOTA-VITZ-CELERIO-DERIVED-REGIONAL-GENERATION-HATCHBACK-CURRENT,Powertrains share.,No,Medium,SOURCE_REQUIRED,,UNVERIFIED,UNVERIFIED,
P0,Review,Southern Africa,Toyota,Urban Cruiser,Regional current generation,2023–present,Crossover,Current,VF-TOYOTA-URBAN-CRUISER-REGIONAL-CURRENT-GENERATION-CROSSOVER-CURRENT,Powertrains share.,No,Medium,SOURCE_REQUIRED,,UNVERIFIED,UNVERIFIED,Provider-resolve India/SA visual phase.
P0,Review,Southern Africa,Toyota,Starlet Cross,Regional current generation,2024–present,Crossover,Current,VF-TOYOTA-STARLET-CROSS-REGIONAL-CURRENT-GENERATION-CROSSOVER-CURRENT,Powertrains share.,No,Medium,SOURCE_REQUIRED,,UNVERIFIED,UNVERIFIED,
P0,Review,Southern Africa,Volkswagen,Polo Vivo,Vivo family,2010–present,Hatchback,Major facelift split,VF-VOLKSWAGEN-POLO-VIVO-VIVO-FAMILY-HATCHBACK-MAJOR-FACELIFT-SPLIT,Engines/transmissions/trims share per visible phase.,No,High,SOURCE_REQUIRED,,UNVERIFIED,UNVERIFIED,
P0,Review,Southern Africa,Volkswagen,Polo,AW / Mk6,2018–present,Hatchback,Pre-facelift / facelift,VF-VOLKSWAGEN-POLO-AW-MK6-HATCHBACK-PRE-FACELIFT-FACELIFT,Powertrains share; GTI may be an overlay/separate pack if needed.,No,High,SOURCE_REQUIRED,,UNVERIFIED,UNVERIFIED,
P0,Review,Southern Africa,Ford,Ranger,T6,2011–2022,Single/Double Cab,Major facelift split,VF-FORD-RANGER-T6-SINGLE-DOUBLE-CAB-MAJOR-FACELIFT-SPLIT,Engines/transmissions/drivetrains share within body+phase.,No,High,SOURCE_REQUIRED,,UNVERIFIED,UNVERIFIED,
P0,Review,Southern Africa,Ford,Ranger,P703,2022–present,Single/Double Cab,Current,VF-FORD-RANGER-P703-SINGLE-DOUBLE-CAB-CURRENT,Powertrains share; Raptor separate.,No,High,SOURCE_REQUIRED,,UNVERIFIED,UNVERIFIED,
P0,Review,Southern Africa,Isuzu,D-Max,2nd generation,2012–2020,Single/Extended/Double Cab,Major facelift split,VF-ISUZU-D-MAX-2ND-GENERATION-SINGLE-EXTENDED-DOUBLE-CAB-MAJOR-FACELIFT-SPL,Powertrains share within body+phase.,No,High,SOURCE_REQUIRED,,UNVERIFIED,UNVERIFIED,
P0,Review,Southern Africa,Isuzu,D-Max,3rd generation,2020–present,Single/Extended/Double Cab,Current / facelift split,VF-ISUZU-D-MAX-3RD-GENERATION-SINGLE-EXTENDED-DOUBLE-CAB-CURRENT-FACELIFT-S,Powertrains share within body+phase.,No,High,SOURCE_REQUIRED,,UNVERIFIED,UNVERIFIED,
P0,Review,Southern Africa,Suzuki,Swift,Previous regional generation,2018–2024,Hatchback,Current phase,VF-SUZUKI-SWIFT-PREVIOUS-REGIONAL-GENERATION-HATCHBACK-CURRENT-PHASE,Powertrains share.,No,Medium,SOURCE_REQUIRED,,UNVERIFIED,UNVERIFIED,
P0,Review,Southern Africa,Suzuki,Swift,Current generation,2024–present,Hatchback,Current,VF-SUZUKI-SWIFT-CURRENT-GENERATION-HATCHBACK-CURRENT,Powertrains share.,No,Medium,SOURCE_REQUIRED,,UNVERIFIED,UNVERIFIED,
P0,Review,Southern Africa,Suzuki,Fronx,Current,2023–present,Crossover,Current,VF-SUZUKI-FRONX-CURRENT-CROSSOVER-CURRENT,Powertrains share.,No,High,SOURCE_REQUIRED,,UNVERIFIED,UNVERIFIED,
P0,Review,Southern Africa,Hyundai,Grand i10,Current regional generation,2020–present,Hatchback,Current / facelift,VF-HYUNDAI-GRAND-I10-CURRENT-REGIONAL-GENERATION-HATCHBACK-CURRENT-FACELIFT,Engines/transmissions share; sedan separate.,No,Medium,SOURCE_REQUIRED,,UNVERIFIED,UNVERIFIED,
P0,Review,Southern Africa,Chery,Tiggo 4 Pro / Tiggo Cross,Current regional family,2021–present,Crossover,Pre-Cross / Cross visual split,VF-CHERY-TIGGO-4-PRO-TIGGO-CROSS-CURRENT-REGIONAL-FAMILY-CROSSOVER-PRE-CROS,1.5 NA/Turbo/hybrid share only where body/fascia is same.,Yes,Medium,SOURCE_REQUIRED,,UNVERIFIED,UNVERIFIED,ChinaID exact sales version required.
P0,Review,Southern Africa,Haval,Jolion,B01,2021–present,Crossover,Jolion / Jolion Pro visible phases,VF-HAVAL-JOLION-B01-CROSSOVER-JOLION-JOLION-PRO-VISIBLE-PHASES,ICE/HEV share when exterior is same.,Yes,High,SOURCE_REQUIRED,,UNVERIFIED,UNVERIFIED,
P0,Review,Southern Africa,Kia,Sonet,QY,2020–present,Crossover,Pre-facelift / facelift,VF-KIA-SONET-QY-CROSSOVER-PRE-FACELIFT-FACELIFT,Powertrains share.,No,High,SOURCE_REQUIRED,,UNVERIFIED,UNVERIFIED,
P0,Review,Southern Africa,Nissan,Magnite,HBN,2020–present,Crossover,Pre-facelift / facelift,VF-NISSAN-MAGNITE-HBN-CROSSOVER-PRE-FACELIFT-FACELIFT,Powertrains share.,No,High,SOURCE_REQUIRED,,UNVERIFIED,UNVERIFIED,
P0,Review,Southern Africa,Mahindra,Scorpio Pik Up,Current regional family,2007–present,Single/Double Cab,Major facelift split,VF-MAHINDRA-SCORPIO-PIK-UP-CURRENT-REGIONAL-FAMILY-SINGLE-DOUBLE-CAB-MAJOR-,Powertrains/drivetrains share per visible body.,No,Medium,SOURCE_REQUIRED,,UNVERIFIED,UNVERIFIED,
P0,Review,Southern Africa,Renault,Kwid,Current regional generation,2016–present,Hatchback,Pre-facelift / facelift,VF-RENAULT-KWID-CURRENT-REGIONAL-GENERATION-HATCHBACK-PRE-FACELIFT-FACELIFT,Powertrains share.,No,Medium,SOURCE_REQUIRED,,UNVERIFIED,UNVERIFIED,
P0,Review,Southern Africa,Volkswagen,T-Cross,C1,2019–present,Crossover,Pre-facelift / facelift,VF-VOLKSWAGEN-T-CROSS-C1-CROSSOVER-PRE-FACELIFT-FACELIFT,Powertrains share.,No,High,SOURCE_REQUIRED,,UNVERIFIED,UNVERIFIED,
P0,Review,Southern Africa,Toyota,HiAce / Quantum,H200/H300,2005–present,Van/Minibus,H200 vs H300,VF-TOYOTA-HIACE-QUANTUM-H200-H300-VAN-MINIBUS-H200-VS-H300,Engines/transmissions share within body.,No,High,SOURCE_REQUIRED,,UNVERIFIED,UNVERIFIED,Body length/roof variants may split.
P1,Review,Southern Africa,Toyota,Corolla,E120/E130,2000–2007,Sedan,Generation,VF-TOYOTA-COROLLA-E120-E130-SEDAN-GENERATION,Powertrain and trim variants share within the same visible body/generation phase.,No,High,SOURCE_REQUIRED,,UNVERIFIED,UNVERIFIED,
P1,Review,Southern Africa,Toyota,Corolla,E140/E150,2006–2013,Sedan,Generation/facelift,VF-TOYOTA-COROLLA-E140-E150-SEDAN-GENERATION-FACELIFT,Powertrain and trim variants share within the same visible body/generation phase.,No,High,SOURCE_REQUIRED,,UNVERIFIED,UNVERIFIED,
P1,Review,Southern Africa,Toyota,Corolla,E170,2013–2019,Sedan,Generation/facelift,VF-TOYOTA-COROLLA-E170-SEDAN-GENERATION-FACELIFT,Powertrain and trim variants share within the same visible body/generation phase.,No,High,SOURCE_REQUIRED,,UNVERIFIED,UNVERIFIED,
P1,Review,Southern Africa,Toyota,Corolla,E210,2018–present,Sedan/Hatch,Body + facelift split,VF-TOYOTA-COROLLA-E210-SEDAN-HATCH-BODY-FACELIFT-SPLIT,Powertrain and trim variants share within the same visible body/generation phase.,No,High,SOURCE_REQUIRED,,UNVERIFIED,UNVERIFIED,
P1,Review,Southern Africa,Toyota,RAV4,XA30/XA40/XA50,2005–present,SUV,Generation split,VF-TOYOTA-RAV4-XA30-XA40-XA50-SUV-GENERATION-SPLIT,Powertrain and trim variants share within the same visible body/generation phase.,No,High,SOURCE_REQUIRED,,UNVERIFIED,UNVERIFIED,
P1,Review,Southern Africa,Toyota,Land Cruiser Prado,J120/J150/J250,2002–present,SUV,Generation/facelift,VF-TOYOTA-LAND-CRUISER-PRADO-J120-J150-J250-SUV-GENERATION-FACELIFT,Powertrain and trim variants share within the same visible body/generation phase.,No,High,SOURCE_REQUIRED,,UNVERIFIED,UNVERIFIED,
P1,Review,Southern Africa,Toyota,Land Cruiser,J70/J200/J300,1984–present,SUV/Pickup,Generation/body split,VF-TOYOTA-LAND-CRUISER-J70-J200-J300-SUV-PICKUP-GENERATION-BODY-SPLIT,Powertrain and trim variants share within the same visible body/generation phase.,No,High,SOURCE_REQUIRED,,UNVERIFIED,UNVERIFIED,
P1,Review,Southern Africa,Nissan,NP200,Logan pickup-derived,2008–2024,Pickup,Single family,VF-NISSAN-NP200-LOGAN-PICKUP-DERIVED-PICKUP-SINGLE-FAMILY,Powertrain and trim variants share within the same visible body/generation phase.,No,High,SOURCE_REQUIRED,,UNVERIFIED,UNVERIFIED,
P1,Review,Southern Africa,Nissan,Navara,D40/D23,2004–present,Pickup,Generation/cab/facelift,VF-NISSAN-NAVARA-D40-D23-PICKUP-GENERATION-CAB-FACELIFT,Powertrain and trim variants share within the same visible body/generation phase.,No,High,SOURCE_REQUIRED,,UNVERIFIED,UNVERIFIED,
P1,Review,Southern Africa,Nissan,X-Trail,T30/T31/T32/T33,2000–present,SUV,Generation split,VF-NISSAN-X-TRAIL-T30-T31-T32-T33-SUV-GENERATION-SPLIT,Powertrain and trim variants share within the same visible body/generation phase.,No,High,SOURCE_REQUIRED,,UNVERIFIED,UNVERIFIED,
P1,Review,Southern Africa,Nissan,Qashqai,J10/J11/J12,2006–present,Crossover,Generation split,VF-NISSAN-QASHQAI-J10-J11-J12-CROSSOVER-GENERATION-SPLIT,Powertrain and trim variants share within the same visible body/generation phase.,No,High,SOURCE_REQUIRED,,UNVERIFIED,UNVERIFIED,
P1,Review,Southern Africa,Mazda,BT-50,UN/UP/TF,2006–present,Pickup,Generation/cab split,VF-MAZDA-BT-50-UN-UP-TF-PICKUP-GENERATION-CAB-SPLIT,Powertrain and trim variants share within the same visible body/generation phase.,No,Medium,SOURCE_REQUIRED,,UNVERIFIED,UNVERIFIED,
P1,Review,Southern Africa,Mazda,Mazda3,BK/BL/BM-BN/BP,2003–present,Sedan/Hatch,Generation/body split,VF-MAZDA-MAZDA3-BK-BL-BM-BN-BP-SEDAN-HATCH-GENERATION-BODY-SPLIT,Powertrain and trim variants share within the same visible body/generation phase.,No,Medium,SOURCE_REQUIRED,,UNVERIFIED,UNVERIFIED,
P1,Review,Southern Africa,Mazda,CX-5,KE/KF,2012–present,Crossover,Generation/facelift,VF-MAZDA-CX-5-KE-KF-CROSSOVER-GENERATION-FACELIFT,Powertrain and trim variants share within the same visible body/generation phase.,No,Medium,SOURCE_REQUIRED,,UNVERIFIED,UNVERIFIED,
P1,Review,Southern Africa,Honda,Fit/Jazz,GD/GE/GK/GR,2001–present,Hatchback,Generation split,VF-HONDA-FIT-JAZZ-GD-GE-GK-GR-HATCHBACK-GENERATION-SPLIT,Powertrain and trim variants share within the same visible body/generation phase.,No,Medium,SOURCE_REQUIRED,,UNVERIFIED,UNVERIFIED,
P1,Review,Southern Africa,Honda,Civic,8th–11th gen,2005–present,Sedan/Hatch,Generation/body split,VF-HONDA-CIVIC-8TH-11TH-GEN-SEDAN-HATCH-GENERATION-BODY-SPLIT,Powertrain and trim variants share within the same visible body/generation phase.,No,Medium,SOURCE_REQUIRED,,UNVERIFIED,UNVERIFIED,
P1,Review,Southern Africa,Honda,CR-V,3rd–6th gen,2006–present,SUV,Generation split,VF-HONDA-CR-V-3RD-6TH-GEN-SUV-GENERATION-SPLIT,Powertrain and trim variants share within the same visible body/generation phase.,No,Medium,SOURCE_REQUIRED,,UNVERIFIED,UNVERIFIED,
P1,Review,Southern Africa,Mitsubishi,Triton,Recent regional generations,2006–present,Pickup,Generation/cab/facelift,VF-MITSUBISHI-TRITON-RECENT-REGIONAL-GENERATIONS-PICKUP-GENERATION-CAB-FACE,Powertrain and trim variants share within the same visible body/generation phase.,No,Medium,SOURCE_REQUIRED,,UNVERIFIED,UNVERIFIED,
P1,Review,Southern Africa,Mitsubishi,Pajero Sport,Recent generations,2008–present,SUV,Generation/facelift,VF-MITSUBISHI-PAJERO-SPORT-RECENT-GENERATIONS-SUV-GENERATION-FACELIFT,Powertrain and trim variants share within the same visible body/generation phase.,No,Medium,SOURCE_REQUIRED,,UNVERIFIED,UNVERIFIED,
P1,Review,Southern Africa,Hyundai,i20,PB/GB/BC3,2008–present,Hatchback,Generation split,VF-HYUNDAI-I20-PB-GB-BC3-HATCHBACK-GENERATION-SPLIT,Powertrain and trim variants share within the same visible body/generation phase.,No,Medium,SOURCE_REQUIRED,,UNVERIFIED,UNVERIFIED,
P1,Review,Southern Africa,Hyundai,Creta,GS/SU2,2014–present,Crossover,Generation/facelift,VF-HYUNDAI-CRETA-GS-SU2-CROSSOVER-GENERATION-FACELIFT,Powertrain and trim variants share within the same visible body/generation phase.,No,Medium,SOURCE_REQUIRED,,UNVERIFIED,UNVERIFIED,
P1,Review,Southern Africa,Hyundai,Tucson,LM/TL/NX4,2009–present,SUV,Generation split,VF-HYUNDAI-TUCSON-LM-TL-NX4-SUV-GENERATION-SPLIT,Powertrain and trim variants share within the same visible body/generation phase.,No,Medium,SOURCE_REQUIRED,,UNVERIFIED,UNVERIFIED,
P1,Review,Southern Africa,Kia,Picanto,TA/JA,2011–present,Hatchback,Generation/facelift,VF-KIA-PICANTO-TA-JA-HATCHBACK-GENERATION-FACELIFT,Powertrain and trim variants share within the same visible body/generation phase.,No,Medium,SOURCE_REQUIRED,,UNVERIFIED,UNVERIFIED,
P1,Review,Southern Africa,Kia,Rio,UB/YB,2011–present,Hatch/Sedan,Generation/body split,VF-KIA-RIO-UB-YB-HATCH-SEDAN-GENERATION-BODY-SPLIT,Powertrain and trim variants share within the same visible body/generation phase.,No,Medium,SOURCE_REQUIRED,,UNVERIFIED,UNVERIFIED,
P1,Review,Southern Africa,Kia,Sportage,SL/QL/NQ5,2010–present,SUV,Generation split,VF-KIA-SPORTAGE-SL-QL-NQ5-SUV-GENERATION-SPLIT,Powertrain and trim variants share within the same visible body/generation phase.,No,Medium,SOURCE_REQUIRED,,UNVERIFIED,UNVERIFIED,
P1,Review,Southern Africa,Renault,Duster,Recent generations,2010–present,SUV,Generation split,VF-RENAULT-DUSTER-RECENT-GENERATIONS-SUV-GENERATION-SPLIT,Powertrain and trim variants share within the same visible body/generation phase.,No,Medium,SOURCE_REQUIRED,,UNVERIFIED,UNVERIFIED,
P1,Review,Southern Africa,Renault,Clio,IV/V,2012–present,Hatchback,Generation/facelift,VF-RENAULT-CLIO-IV-V-HATCHBACK-GENERATION-FACELIFT,Powertrain and trim variants share within the same visible body/generation phase.,No,Medium,SOURCE_REQUIRED,,UNVERIFIED,UNVERIFIED,
P1,Review,Southern Africa,Peugeot,208,A9/P21,2012–present,Hatchback,Generation split,VF-PEUGEOT-208-A9-P21-HATCHBACK-GENERATION-SPLIT,Powertrain and trim variants share within the same visible body/generation phase.,No,Medium,SOURCE_REQUIRED,,UNVERIFIED,UNVERIFIED,
P1,Review,Southern Africa,Peugeot,2008,A94/P24,2013–present,Crossover,Generation split,VF-PEUGEOT-2008-A94-P24-CROSSOVER-GENERATION-SPLIT,Powertrain and trim variants share within the same visible body/generation phase.,No,Medium,SOURCE_REQUIRED,,UNVERIFIED,UNVERIFIED,
P1,Review,Southern Africa,Peugeot,3008,Recent generations,2008–present,SUV,Generation split,VF-PEUGEOT-3008-RECENT-GENERATIONS-SUV-GENERATION-SPLIT,Powertrain and trim variants share within the same visible body/generation phase.,No,Medium,SOURCE_REQUIRED,,UNVERIFIED,UNVERIFIED,
P1,Review,Southern Africa,Opel,Corsa,D/E/F,2006–present,Hatchback,Generation split,VF-OPEL-CORSA-D-E-F-HATCHBACK-GENERATION-SPLIT,Powertrain and trim variants share within the same visible body/generation phase.,No,Medium,SOURCE_REQUIRED,,UNVERIFIED,UNVERIFIED,
P1,Review,Southern Africa,Chevrolet,Spark,M300/M400,2009–present,Hatchback,Generation split,VF-CHEVROLET-SPARK-M300-M400-HATCHBACK-GENERATION-SPLIT,Powertrain and trim variants share within the same visible body/generation phase.,No,Medium,SOURCE_REQUIRED,,UNVERIFIED,UNVERIFIED,
P1,Review,Southern Africa,Chevrolet,Cruze,J300/J400,2008–present,Sedan/Hatch,Generation/body split,VF-CHEVROLET-CRUZE-J300-J400-SEDAN-HATCH-GENERATION-BODY-SPLIT,Powertrain and trim variants share within the same visible body/generation phase.,No,Medium,SOURCE_REQUIRED,,UNVERIFIED,UNVERIFIED,
P1,Review,Southern Africa,BMW,3 Series,E46/E90/F30/G20,1998–present,Sedan/Touring,Generation/body split,VF-BMW-3-SERIES-E46-E90-F30-G20-SEDAN-TOURING-GENERATION-BODY-SPLIT,Powertrain and trim variants share within the same visible body/generation phase.,No,High,SOURCE_REQUIRED,,UNVERIFIED,UNVERIFIED,
P1,Review,Southern Africa,BMW,X3,E83/F25/G01,2003–present,SUV,Generation split,VF-BMW-X3-E83-F25-G01-SUV-GENERATION-SPLIT,Powertrain and trim variants share within the same visible body/generation phase.,No,High,SOURCE_REQUIRED,,UNVERIFIED,UNVERIFIED,
P1,Review,Southern Africa,BMW,X5,E53/E70/F15/G05,1999–present,SUV,Generation split,VF-BMW-X5-E53-E70-F15-G05-SUV-GENERATION-SPLIT,Powertrain and trim variants share within the same visible body/generation phase.,No,High,SOURCE_REQUIRED,,UNVERIFIED,UNVERIFIED,
P1,Review,Southern Africa,Mercedes-Benz,C-Class,W203/W204/W205/W206,2000–present,Sedan,Generation split,VF-MERCEDES-BENZ-C-CLASS-W203-W204-W205-W206-SEDAN-GENERATION-SPLIT,Powertrain and trim variants share within the same visible body/generation phase.,No,High,SOURCE_REQUIRED,,UNVERIFIED,UNVERIFIED,
P1,Review,Southern Africa,Mercedes-Benz,E-Class,W211/W212/W213/W214,2002–present,Sedan,Generation split,VF-MERCEDES-BENZ-E-CLASS-W211-W212-W213-W214-SEDAN-GENERATION-SPLIT,Powertrain and trim variants share within the same visible body/generation phase.,No,High,SOURCE_REQUIRED,,UNVERIFIED,UNVERIFIED,
P1,Review,Southern Africa,Mercedes-Benz,Sprinter,W906/W907,2006–present,Van,Generation/body length/roof,VF-MERCEDES-BENZ-SPRINTER-W906-W907-VAN-GENERATION-BODY-LENGTH-ROOF,Powertrain and trim variants share within the same visible body/generation phase.,No,High,SOURCE_REQUIRED,,UNVERIFIED,UNVERIFIED,
P1,Review,Southern Africa,Land Rover,Range Rover Evoque,L538/L551,2011–present,SUV,Generation split,VF-LAND-ROVER-RANGE-ROVER-EVOQUE-L538-L551-SUV-GENERATION-SPLIT,Powertrain and trim variants share within the same visible body/generation phase.,No,High,SOURCE_REQUIRED,,UNVERIFIED,UNVERIFIED,
P1,Review,Southern Africa,Land Rover,Discovery Sport,L550,2014–present,SUV,Major facelift,VF-LAND-ROVER-DISCOVERY-SPORT-L550-SUV-MAJOR-FACELIFT,Powertrain and trim variants share within the same visible body/generation phase.,No,High,SOURCE_REQUIRED,,UNVERIFIED,UNVERIFIED,
P1,Review,Southern Africa,Land Rover,Defender,L663,2020–present,SUV,90/110/130 body split,VF-LAND-ROVER-DEFENDER-L663-SUV-90-110-130-BODY-SPLIT,Powertrain and trim variants share within the same visible body/generation phase.,No,High,SOURCE_REQUIRED,,UNVERIFIED,UNVERIFIED,
P1,Review,Southern Africa,Subaru,Forester,SH/SJ/SK/SL,2008–present,SUV,Generation split,VF-SUBARU-FORESTER-SH-SJ-SK-SL-SUV-GENERATION-SPLIT,Powertrain and trim variants share within the same visible body/generation phase.,No,Medium,SOURCE_REQUIRED,,UNVERIFIED,UNVERIFIED,
P1,Review,Southern Africa,Lexus,RX,AL10/AL20/ALA10,2008–present,SUV,Generation split,VF-LEXUS-RX-AL10-AL20-ALA10-SUV-GENERATION-SPLIT,Powertrain and trim variants share within the same visible body/generation phase.,No,Medium,SOURCE_REQUIRED,,UNVERIFIED,UNVERIFIED,
P0,Review,Southern Africa/China export,GWM,P-Series / P300,Current export family,2020–present,Pickup,Major visual phase,VF-GWM-P-SERIES-P300-CURRENT-EXPORT-FAMILY-PICKUP-MAJOR-VISUAL-PHASE,All exact sales versions/powertrains share only while exterior body/fascia remains materially the same.,Yes,Medium,SOURCE_REQUIRED,,UNVERIFIED,UNVERIFIED,Resolve manufacturer/modelDesign/salesName using TecAlliance ChinaID.
P0,Review,Southern Africa/China export,GWM,P500,Current,2024–present,Pickup,Current,VF-GWM-P500-CURRENT-PICKUP-CURRENT,All exact sales versions/powertrains share only while exterior body/fascia remains materially the same.,Yes,Medium,SOURCE_REQUIRED,,UNVERIFIED,UNVERIFIED,Resolve manufacturer/modelDesign/salesName using TecAlliance ChinaID.
P0,Review,Southern Africa/China export,Haval,H6,3rd generation,2021–present,SUV,Pre-facelift/facelift,VF-HAVAL-H6-3RD-GENERATION-SUV-PRE-FACELIFT-FACELIFT,All exact sales versions/powertrains share only while exterior body/fascia remains materially the same.,Yes,Medium,SOURCE_REQUIRED,,UNVERIFIED,UNVERIFIED,Resolve manufacturer/modelDesign/salesName using TecAlliance ChinaID.
P0,Review,Southern Africa/China export,Haval,H6 GT,Current,2022–present,Coupe SUV,Current,VF-HAVAL-H6-GT-CURRENT-COUPE-SUV-CURRENT,All exact sales versions/powertrains share only while exterior body/fascia remains materially the same.,Yes,Medium,SOURCE_REQUIRED,,UNVERIFIED,UNVERIFIED,Resolve manufacturer/modelDesign/salesName using TecAlliance ChinaID.
P0,Review,Southern Africa/China export,Tank,300,Current,2020–present,SUV,Current/facelift,VF-TANK-300-CURRENT-SUV-CURRENT-FACELIFT,All exact sales versions/powertrains share only while exterior body/fascia remains materially the same.,Yes,Medium,SOURCE_REQUIRED,,UNVERIFIED,UNVERIFIED,Resolve manufacturer/modelDesign/salesName using TecAlliance ChinaID.
P0,Review,Southern Africa/China export,Tank,500,Current,2021–present,SUV,Current,VF-TANK-500-CURRENT-SUV-CURRENT,All exact sales versions/powertrains share only while exterior body/fascia remains materially the same.,Yes,Medium,SOURCE_REQUIRED,,UNVERIFIED,UNVERIFIED,Resolve manufacturer/modelDesign/salesName using TecAlliance ChinaID.
P1,Review,Southern Africa/China export,ORA,03 / Good Cat,Current,2020–present,Hatchback,Current,VF-ORA-03-GOOD-CAT-CURRENT-HATCHBACK-CURRENT,All exact sales versions/powertrains share only while exterior body/fascia remains materially the same.,Yes,Medium,SOURCE_REQUIRED,,UNVERIFIED,UNVERIFIED,Resolve manufacturer/modelDesign/salesName using TecAlliance ChinaID.
P0,Review,Southern Africa/China export,BYD,Atto 3 / Yuan Plus,Current,2022–present,Crossover,Current/facelift,VF-BYD-ATTO-3-YUAN-PLUS-CURRENT-CROSSOVER-CURRENT-FACELIFT,All exact sales versions/powertrains share only while exterior body/fascia remains materially the same.,Yes,Medium,SOURCE_REQUIRED,,UNVERIFIED,UNVERIFIED,Resolve manufacturer/modelDesign/salesName using TecAlliance ChinaID.
P0,Review,Southern Africa/China export,BYD,Dolphin,Current,2021–present,Hatchback,Current/facelift,VF-BYD-DOLPHIN-CURRENT-HATCHBACK-CURRENT-FACELIFT,All exact sales versions/powertrains share only while exterior body/fascia remains materially the same.,Yes,Medium,SOURCE_REQUIRED,,UNVERIFIED,UNVERIFIED,Resolve manufacturer/modelDesign/salesName using TecAlliance ChinaID.
P0,Review,Southern Africa/China export,BYD,Seal,Current,2022–present,Sedan,Current,VF-BYD-SEAL-CURRENT-SEDAN-CURRENT,All exact sales versions/powertrains share only while exterior body/fascia remains materially the same.,Yes,Medium,SOURCE_REQUIRED,,UNVERIFIED,UNVERIFIED,Resolve manufacturer/modelDesign/salesName using TecAlliance ChinaID.
P0,Review,Southern Africa/China export,BYD,Sealion 6 / Song Plus DM-i,Current,2023–present,SUV,Current,VF-BYD-SEALION-6-SONG-PLUS-DM-I-CURRENT-SUV-CURRENT,All exact sales versions/powertrains share only while exterior body/fascia remains materially the same.,Yes,Medium,SOURCE_REQUIRED,,UNVERIFIED,UNVERIFIED,Resolve manufacturer/modelDesign/salesName using TecAlliance ChinaID.
P0,Review,Southern Africa/China export,BYD,Shark 6 DMO,Current,2024–present,Pickup,Current,VF-BYD-SHARK-6-DMO-CURRENT-PICKUP-CURRENT,All exact sales versions/powertrains share only while exterior body/fascia remains materially the same.,Yes,Medium,SOURCE_REQUIRED,,UNVERIFIED,UNVERIFIED,Resolve manufacturer/modelDesign/salesName using TecAlliance ChinaID.
P1,Review,Southern Africa/China export,BYD,Sealion 7,Current,2024–present,SUV,Current,VF-BYD-SEALION-7-CURRENT-SUV-CURRENT,All exact sales versions/powertrains share only while exterior body/fascia remains materially the same.,Yes,Medium,SOURCE_REQUIRED,,UNVERIFIED,UNVERIFIED,Resolve manufacturer/modelDesign/salesName using TecAlliance ChinaID.
P0,Review,Southern Africa/China export,OMODA,C5,Current,2022–present,Crossover,C5/C5 X/SHS visual check,VF-OMODA-C5-CURRENT-CROSSOVER-C5-C5-X-SHS-VISUAL-CHECK,All exact sales versions/powertrains share only while exterior body/fascia remains materially the same.,Yes,Medium,SOURCE_REQUIRED,,UNVERIFIED,UNVERIFIED,Resolve manufacturer/modelDesign/salesName using TecAlliance ChinaID.
P1,Review,Southern Africa/China export,OMODA,C7,Current,2024–present,SUV,Current,VF-OMODA-C7-CURRENT-SUV-CURRENT,All exact sales versions/powertrains share only while exterior body/fascia remains materially the same.,Yes,Medium,SOURCE_REQUIRED,,UNVERIFIED,UNVERIFIED,Resolve manufacturer/modelDesign/salesName using TecAlliance ChinaID.
P1,Review,Southern Africa/China export,OMODA,C9,Current,2023–present,SUV,Current,VF-OMODA-C9-CURRENT-SUV-CURRENT,All exact sales versions/powertrains share only while exterior body/fascia remains materially the same.,Yes,Medium,SOURCE_REQUIRED,,UNVERIFIED,UNVERIFIED,Resolve manufacturer/modelDesign/salesName using TecAlliance ChinaID.
P0,Review,Southern Africa/China export,JAECOO,J7,Current,2023–present,SUV,ICE/SHS visual check,VF-JAECOO-J7-CURRENT-SUV-ICE-SHS-VISUAL-CHECK,All exact sales versions/powertrains share only while exterior body/fascia remains materially the same.,Yes,Medium,SOURCE_REQUIRED,,UNVERIFIED,UNVERIFIED,Resolve manufacturer/modelDesign/salesName using TecAlliance ChinaID.
P1,Review,Southern Africa/China export,JAECOO,J5,Current,2025–present,SUV,ICE/SHS/EV visual check,VF-JAECOO-J5-CURRENT-SUV-ICE-SHS-EV-VISUAL-CHECK,All exact sales versions/powertrains share only while exterior body/fascia remains materially the same.,Yes,Medium,SOURCE_REQUIRED,,UNVERIFIED,UNVERIFIED,Resolve manufacturer/modelDesign/salesName using TecAlliance ChinaID.
P0,Review,Southern Africa/China export,Jetour,Dashing,Current,2022–present,SUV,Current,VF-JETOUR-DASHING-CURRENT-SUV-CURRENT,All exact sales versions/powertrains share only while exterior body/fascia remains materially the same.,Yes,Medium,SOURCE_REQUIRED,,UNVERIFIED,UNVERIFIED,Resolve manufacturer/modelDesign/salesName using TecAlliance ChinaID.
P0,Review,Southern Africa/China export,Jetour,X70 Plus,Current,2020–present,SUV,Current/facelift,VF-JETOUR-X70-PLUS-CURRENT-SUV-CURRENT-FACELIFT,All exact sales versions/powertrains share only while exterior body/fascia remains materially the same.,Yes,Medium,SOURCE_REQUIRED,,UNVERIFIED,UNVERIFIED,Resolve manufacturer/modelDesign/salesName using TecAlliance ChinaID.
P1,Review,Southern Africa/China export,Jetour,T1,Current,2024–present,SUV,ICE/i-DM visual check,VF-JETOUR-T1-CURRENT-SUV-ICE-I-DM-VISUAL-CHECK,All exact sales versions/powertrains share only while exterior body/fascia remains materially the same.,Yes,Medium,SOURCE_REQUIRED,,UNVERIFIED,UNVERIFIED,Resolve manufacturer/modelDesign/salesName using TecAlliance ChinaID.
P1,Review,Southern Africa/China export,Jetour,T2,Current,2023–present,SUV,ICE/i-DM visual check,VF-JETOUR-T2-CURRENT-SUV-ICE-I-DM-VISUAL-CHECK,All exact sales versions/powertrains share only while exterior body/fascia remains materially the same.,Yes,Medium,SOURCE_REQUIRED,,UNVERIFIED,UNVERIFIED,Resolve manufacturer/modelDesign/salesName using TecAlliance ChinaID.
P0,Review,Southern Africa/China export,Geely,EX5 / Galaxy E5,Current,2024–present,Crossover,Current,VF-GEELY-EX5-GALAXY-E5-CURRENT-CROSSOVER-CURRENT,All exact sales versions/powertrains share only while exterior body/fascia remains materially the same.,Yes,Medium,SOURCE_REQUIRED,,UNVERIFIED,UNVERIFIED,Resolve manufacturer/modelDesign/salesName using TecAlliance ChinaID.
P1,Review,Southern Africa/China export,Geely,Coolray / Binyue,Current export family,2018–present,Crossover,Major facelift,VF-GEELY-COOLRAY-BINYUE-CURRENT-EXPORT-FAMILY-CROSSOVER-MAJOR-FACELIFT,All exact sales versions/powertrains share only while exterior body/fascia remains materially the same.,Yes,Medium,SOURCE_REQUIRED,,UNVERIFIED,UNVERIFIED,Resolve manufacturer/modelDesign/salesName using TecAlliance ChinaID.
P1,Review,Southern Africa/China export,Geely,Emgrand,Current,2021–present,Sedan,Current,VF-GEELY-EMGRAND-CURRENT-SEDAN-CURRENT,All exact sales versions/powertrains share only while exterior body/fascia remains materially the same.,Yes,Medium,SOURCE_REQUIRED,,UNVERIFIED,UNVERIFIED,Resolve manufacturer/modelDesign/salesName using TecAlliance ChinaID.
P1,Review,Southern Africa/China export,Geely,Starray / Boyue L,Current,2022–present,SUV,Current,VF-GEELY-STARRAY-BOYUE-L-CURRENT-SUV-CURRENT,All exact sales versions/powertrains share only while exterior body/fascia remains materially the same.,Yes,Medium,SOURCE_REQUIRED,,UNVERIFIED,UNVERIFIED,Resolve manufacturer/modelDesign/salesName using TecAlliance ChinaID.
P0,Review,Southern Africa/China export,BAIC,X55 Plus,Current,2022–present,Crossover,Current,VF-BAIC-X55-PLUS-CURRENT-CROSSOVER-CURRENT,All exact sales versions/powertrains share only while exterior body/fascia remains materially the same.,Yes,Medium,SOURCE_REQUIRED,,UNVERIFIED,UNVERIFIED,Resolve manufacturer/modelDesign/salesName using TecAlliance ChinaID.
P1,Review,Southern Africa/China export,BAIC,B40 Plus,Current regional family,2019–present,SUV,Current/facelift,VF-BAIC-B40-PLUS-CURRENT-REGIONAL-FAMILY-SUV-CURRENT-FACELIFT,All exact sales versions/powertrains share only while exterior body/fascia remains materially the same.,Yes,Medium,SOURCE_REQUIRED,,UNVERIFIED,UNVERIFIED,Resolve manufacturer/modelDesign/salesName using TecAlliance ChinaID.
P1,Review,Southern Africa/China export,BAIC,B30,Current,2024–present,SUV,Current,VF-BAIC-B30-CURRENT-SUV-CURRENT,All exact sales versions/powertrains share only while exterior body/fascia remains materially the same.,Yes,Medium,SOURCE_REQUIRED,,UNVERIFIED,UNVERIFIED,Resolve manufacturer/modelDesign/salesName using TecAlliance ChinaID.
P0,Review,Southern Africa/China export,JAC,T9,Current,2022–present,Pickup,Current,VF-JAC-T9-CURRENT-PICKUP-CURRENT,All exact sales versions/powertrains share only while exterior body/fascia remains materially the same.,Yes,Medium,SOURCE_REQUIRED,,UNVERIFIED,UNVERIFIED,Resolve manufacturer/modelDesign/salesName using TecAlliance ChinaID.
P1,Review,Southern Africa/China export,JAC,T8,Current,2018–present,Pickup,Current/facelift,VF-JAC-T8-CURRENT-PICKUP-CURRENT-FACELIFT,All exact sales versions/powertrains share only while exterior body/fascia remains materially the same.,Yes,Medium,SOURCE_REQUIRED,,UNVERIFIED,UNVERIFIED,Resolve manufacturer/modelDesign/salesName using TecAlliance ChinaID.
P1,Review,Southern Africa/China export,JAC,T6,Current regional family,2015–present,Pickup,Current/facelift,VF-JAC-T6-CURRENT-REGIONAL-FAMILY-PICKUP-CURRENT-FACELIFT,All exact sales versions/powertrains share only while exterior body/fascia remains materially the same.,Yes,Medium,SOURCE_REQUIRED,,UNVERIFIED,UNVERIFIED,Resolve manufacturer/modelDesign/salesName using TecAlliance ChinaID.
P1,Review,Southern Africa/China export,Changan,CS35 Plus,Current,2018–present,Crossover,Major facelift,VF-CHANGAN-CS35-PLUS-CURRENT-CROSSOVER-MAJOR-FACELIFT,All exact sales versions/powertrains share only while exterior body/fascia remains materially the same.,Yes,Medium,SOURCE_REQUIRED,,UNVERIFIED,UNVERIFIED,Resolve manufacturer/modelDesign/salesName using TecAlliance ChinaID.
P1,Review,Southern Africa/China export,Changan,CS55 Plus,Current,2019–present,SUV,Major facelift,VF-CHANGAN-CS55-PLUS-CURRENT-SUV-MAJOR-FACELIFT,All exact sales versions/powertrains share only while exterior body/fascia remains materially the same.,Yes,Medium,SOURCE_REQUIRED,,UNVERIFIED,UNVERIFIED,Resolve manufacturer/modelDesign/salesName using TecAlliance ChinaID.
P1,Review,Southern Africa/China export,Changan,UNI-T,Current,2020–present,Crossover,Current,VF-CHANGAN-UNI-T-CURRENT-CROSSOVER-CURRENT,All exact sales versions/powertrains share only while exterior body/fascia remains materially the same.,Yes,Medium,SOURCE_REQUIRED,,UNVERIFIED,UNVERIFIED,Resolve manufacturer/modelDesign/salesName using TecAlliance ChinaID.
P1,Review,Southern Africa/China export,Deepal,S05,Current,2024–present,SUV,EV/EREV exterior check,VF-DEEPAL-S05-CURRENT-SUV-EV-EREV-EXTERIOR-CHECK,All exact sales versions/powertrains share only while exterior body/fascia remains materially the same.,Yes,Medium,SOURCE_REQUIRED,,UNVERIFIED,UNVERIFIED,Resolve manufacturer/modelDesign/salesName using TecAlliance ChinaID.
P1,Review,Southern Africa/China export,Deepal,S07,Current,2023–present,SUV,EV/EREV exterior check,VF-DEEPAL-S07-CURRENT-SUV-EV-EREV-EXTERIOR-CHECK,All exact sales versions/powertrains share only while exterior body/fascia remains materially the same.,Yes,Medium,SOURCE_REQUIRED,,UNVERIFIED,UNVERIFIED,Resolve manufacturer/modelDesign/salesName using TecAlliance ChinaID.
P1,Review,Southern Africa/China export,Dongfeng,Box / Nammi 01,Current,2023–present,Hatchback,Current,VF-DONGFENG-BOX-NAMMI-01-CURRENT-HATCHBACK-CURRENT,All exact sales versions/powertrains share only while exterior body/fascia remains materially the same.,Yes,Medium,SOURCE_REQUIRED,,UNVERIFIED,UNVERIFIED,Resolve manufacturer/modelDesign/salesName using TecAlliance ChinaID.
P1,Review,Southern Africa/China export,Dongfeng,Mage,Current,2022–present,SUV,Current,VF-DONGFENG-MAGE-CURRENT-SUV-CURRENT,All exact sales versions/powertrains share only while exterior body/fascia remains materially the same.,Yes,Medium,SOURCE_REQUIRED,,UNVERIFIED,UNVERIFIED,Resolve manufacturer/modelDesign/salesName using TecAlliance ChinaID.
P1,Review,Southern Africa/China export,DFSK,Glory 500,Current export family,2019–present,SUV,Current,VF-DFSK-GLORY-500-CURRENT-EXPORT-FAMILY-SUV-CURRENT,All exact sales versions/powertrains share only while exterior body/fascia remains materially the same.,Yes,Medium,SOURCE_REQUIRED,,UNVERIFIED,UNVERIFIED,Resolve manufacturer/modelDesign/salesName using TecAlliance ChinaID.
P1,Review,Southern Africa/China export,DFSK,Glory 580,Current export family,2016–present,SUV,Major facelift,VF-DFSK-GLORY-580-CURRENT-EXPORT-FAMILY-SUV-MAJOR-FACELIFT,All exact sales versions/powertrains share only while exterior body/fascia remains materially the same.,Yes,Medium,SOURCE_REQUIRED,,UNVERIFIED,UNVERIFIED,Resolve manufacturer/modelDesign/salesName using TecAlliance ChinaID.
P1,Review,Southern Africa/China export,Foton,Tunland G7,Current,2019–present,Pickup,Current,VF-FOTON-TUNLAND-G7-CURRENT-PICKUP-CURRENT,All exact sales versions/powertrains share only while exterior body/fascia remains materially the same.,Yes,Medium,SOURCE_REQUIRED,,UNVERIFIED,UNVERIFIED,Resolve manufacturer/modelDesign/salesName using TecAlliance ChinaID.
P1,Review,Southern Africa/China export,Foton,Tunland V7/V9,Current,2024–present,Pickup,V7 vs V9 visual check,VF-FOTON-TUNLAND-V7-V9-CURRENT-PICKUP-V7-VS-V9-VISUAL-CHECK,All exact sales versions/powertrains share only while exterior body/fascia remains materially the same.,Yes,Medium,SOURCE_REQUIRED,,UNVERIFIED,UNVERIFIED,Resolve manufacturer/modelDesign/salesName using TecAlliance ChinaID.
P1,Review,Southern Africa/China export,Maxus,T90,Current,2021–present,Pickup,Current,VF-MAXUS-T90-CURRENT-PICKUP-CURRENT,All exact sales versions/powertrains share only while exterior body/fascia remains materially the same.,Yes,Medium,SOURCE_REQUIRED,,UNVERIFIED,UNVERIFIED,Resolve manufacturer/modelDesign/salesName using TecAlliance ChinaID.
P1,Review,Southern Africa/China export,GAC,GS3 Emzoom,Current,2023–present,Crossover,Current,VF-GAC-GS3-EMZOOM-CURRENT-CROSSOVER-CURRENT,All exact sales versions/powertrains share only while exterior body/fascia remains materially the same.,Yes,Medium,SOURCE_REQUIRED,,UNVERIFIED,UNVERIFIED,Resolve manufacturer/modelDesign/salesName using TecAlliance ChinaID.
P1,Review,Southern Africa/China export,GAC,Emkoo,Current,2022–present,SUV,Current,VF-GAC-EMKOO-CURRENT-SUV-CURRENT,All exact sales versions/powertrains share only while exterior body/fascia remains materially the same.,Yes,Medium,SOURCE_REQUIRED,,UNVERIFIED,UNVERIFIED,Resolve manufacturer/modelDesign/salesName using TecAlliance ChinaID.
P1,Review,Southern Africa/China export,Aion,Y,Current,2021–present,Crossover/MPV,Current,VF-AION-Y-CURRENT-CROSSOVER-MPV-CURRENT,All exact sales versions/powertrains share only while exterior body/fascia remains materially the same.,Yes,Medium,SOURCE_REQUIRED,,UNVERIFIED,UNVERIFIED,Resolve manufacturer/modelDesign/salesName using TecAlliance ChinaID.
P1,Review,Southern Africa/China export,Wuling,Bingo / Binguo,Current,2023–present,Hatchback,Current,VF-WULING-BINGO-BINGUO-CURRENT-HATCHBACK-CURRENT,All exact sales versions/powertrains share only while exterior body/fascia remains materially the same.,Yes,Medium,SOURCE_REQUIRED,,UNVERIFIED,UNVERIFIED,Resolve manufacturer/modelDesign/salesName using TecAlliance ChinaID.
P1,Review,Southern Africa/China export,Bestune,T77,Current,2018–present,SUV,Current/facelift,VF-BESTUNE-T77-CURRENT-SUV-CURRENT-FACELIFT,All exact sales versions/powertrains share only while exterior body/fascia remains materially the same.,Yes,Medium,SOURCE_REQUIRED,,UNVERIFIED,UNVERIFIED,Resolve manufacturer/modelDesign/salesName using TecAlliance ChinaID.
P1,Review,Southern Africa/China export,Hongqi,HS5,Current,2019–present,SUV,Pre-facelift/facelift,VF-HONGQI-HS5-CURRENT-SUV-PRE-FACELIFT-FACELIFT,All exact sales versions/powertrains share only while exterior body/fascia remains materially the same.,Yes,Medium,SOURCE_REQUIRED,,UNVERIFIED,UNVERIFIED,Resolve manufacturer/modelDesign/salesName using TecAlliance ChinaID.
P1,Review,Southern Africa/China export,Zeekr,X,Current,2023–present,Crossover,Current,VF-ZEEKR-X-CURRENT-CROSSOVER-CURRENT,All exact sales versions/powertrains share only while exterior body/fascia remains materially the same.,Yes,Medium,SOURCE_REQUIRED,,UNVERIFIED,UNVERIFIED,Resolve manufacturer/modelDesign/salesName using TecAlliance ChinaID.
P1,Review,Southern Africa/China export,Zeekr,001,Current,2021–present,Shooting brake,Pre-facelift/facelift,VF-ZEEKR-001-CURRENT-SHOOTING-BRAKE-PRE-FACELIFT-FACELIFT,All exact sales versions/powertrains share only while exterior body/fascia remains materially the same.,Yes,Medium,SOURCE_REQUIRED,,UNVERIFIED,UNVERIFIED,Resolve manufacturer/modelDesign/salesName using TecAlliance ChinaID.
P1,Review,Southern Africa/China export,Lynk & Co,01,Current,2017–present,SUV,Major facelift,VF-LYNK-CO-01-CURRENT-SUV-MAJOR-FACELIFT,All exact sales versions/powertrains share only while exterior body/fascia remains materially the same.,Yes,Medium,SOURCE_REQUIRED,,UNVERIFIED,UNVERIFIED,Resolve manufacturer/modelDesign/salesName using TecAlliance ChinaID.
P1,Review,Southern Africa/China export,Leapmotor,C10,Current,2024–present,SUV,EV/EREV exterior check,VF-LEAPMOTOR-C10-CURRENT-SUV-EV-EREV-EXTERIOR-CHECK,All exact sales versions/powertrains share only while exterior body/fascia remains materially the same.,Yes,Medium,SOURCE_REQUIRED,,UNVERIFIED,UNVERIFIED,Resolve manufacturer/modelDesign/salesName using TecAlliance ChinaID.
P1,Review,Southern Africa/China export,NIO,ES6 / EL6,Current,2023–present,SUV,Current,VF-NIO-ES6-EL6-CURRENT-SUV-CURRENT,All exact sales versions/powertrains share only while exterior body/fascia remains materially the same.,Yes,Medium,SOURCE_REQUIRED,,UNVERIFIED,UNVERIFIED,Resolve manufacturer/modelDesign/salesName using TecAlliance ChinaID.
P1,Review,Southern Africa/China export,XPeng,G6,Current,2023–present,SUV,Current,VF-XPENG-G6-CURRENT-SUV-CURRENT,All exact sales versions/powertrains share only while exterior body/fascia remains materially the same.,Yes,Medium,SOURCE_REQUIRED,,UNVERIFIED,UNVERIFIED,Resolve manufacturer/modelDesign/salesName using TecAlliance ChinaID.
P1,Review,Southern Africa/China export,Li Auto,L7,Current,2023–present,SUV,Current,VF-LI-AUTO-L7-CURRENT-SUV-CURRENT,All exact sales versions/powertrains share only while exterior body/fascia remains materially the same.,Yes,Medium,SOURCE_REQUIRED,,UNVERIFIED,UNVERIFIED,Resolve manufacturer/modelDesign/salesName using TecAlliance ChinaID.
P1,Review,Southern Africa/China export,Xiaomi,SU7,Current,2024–present,Sedan,Current,VF-XIAOMI-SU7-CURRENT-SEDAN-CURRENT,All exact sales versions/powertrains share only while exterior body/fascia remains materially the same.,Yes,Medium,SOURCE_REQUIRED,,UNVERIFIED,UNVERIFIED,Resolve manufacturer/modelDesign/salesName using TecAlliance ChinaID.
P1,Review,Southern Africa/China export,Xiaomi,YU7,Current,2025–present,SUV,Current,VF-XIAOMI-YU7-CURRENT-SUV-CURRENT,All exact sales versions/powertrains share only while exterior body/fascia remains materially the same.,Yes,Medium,SOURCE_REQUIRED,,UNVERIFIED,UNVERIFIED,Resolve manufacturer/modelDesign/salesName using TecAlliance ChinaID.
P1,Review,Southern Africa/China export,Radar/Riddara,RD6,Current,2022–present,Pickup,Current,VF-RADAR-RIDDARA-RD6-CURRENT-PICKUP-CURRENT,All exact sales versions/powertrains share only while exterior body/fascia remains materially the same.,Yes,Medium,SOURCE_REQUIRED,,UNVERIFIED,UNVERIFIED,Resolve manufacturer/modelDesign/salesName using TecAlliance ChinaID.
P1,Review,Southern Africa/China export,Exeed,RX,Current,2023–present,SUV,Current,VF-EXEED-RX-CURRENT-SUV-CURRENT,All exact sales versions/powertrains share only while exterior body/fascia remains materially the same.,Yes,Medium,SOURCE_REQUIRED,,UNVERIFIED,UNVERIFIED,Resolve manufacturer/modelDesign/salesName using TecAlliance ChinaID.
P2,Review,China/export,Denza,D9,Current,2022–present,MPV,Current,VF-DENZA-D9-CURRENT-MPV-CURRENT,All exact sales versions/powertrains share only while exterior body/fascia remains materially the same.,Yes,Medium,SOURCE_REQUIRED,,UNVERIFIED,UNVERIFIED,Resolve manufacturer/modelDesign/salesName using TecAlliance ChinaID.
P2,Review,China/export,Fangchengbao,Bao 5,Current,2023–present,SUV,Current,VF-FANGCHENGBAO-BAO-5-CURRENT-SUV-CURRENT,All exact sales versions/powertrains share only while exterior body/fascia remains materially the same.,Yes,Medium,SOURCE_REQUIRED,,UNVERIFIED,UNVERIFIED,Resolve manufacturer/modelDesign/salesName using TecAlliance ChinaID.
P2,Review,China/export,Yangwang,U8,Current,2023–present,SUV,Current,VF-YANGWANG-U8-CURRENT-SUV-CURRENT,All exact sales versions/powertrains share only while exterior body/fascia remains materially the same.,Yes,Medium,SOURCE_REQUIRED,,UNVERIFIED,UNVERIFIED,Resolve manufacturer/modelDesign/salesName using TecAlliance ChinaID.
P2,Review,China/export,Avatr,11,Current,2022–present,SUV,Current,VF-AVATR-11-CURRENT-SUV-CURRENT,All exact sales versions/powertrains share only while exterior body/fascia remains materially the same.,Yes,Medium,SOURCE_REQUIRED,,UNVERIFIED,UNVERIFIED,Resolve manufacturer/modelDesign/salesName using TecAlliance ChinaID.
P2,Review,China/export,Voyah,Free,Current,2021–present,SUV,Current/facelift,VF-VOYAH-FREE-CURRENT-SUV-CURRENT-FACELIFT,All exact sales versions/powertrains share only while exterior body/fascia remains materially the same.,Yes,Medium,SOURCE_REQUIRED,,UNVERIFIED,UNVERIFIED,Resolve manufacturer/modelDesign/salesName using TecAlliance ChinaID.
P2,Review,China/export,IM Motors,LS6,Current,2023–present,SUV,Current,VF-IM-MOTORS-LS6-CURRENT-SUV-CURRENT,All exact sales versions/powertrains share only while exterior body/fascia remains materially the same.,Yes,Medium,SOURCE_REQUIRED,,UNVERIFIED,UNVERIFIED,Resolve manufacturer/modelDesign/salesName using TecAlliance ChinaID.
P2,Review,China/export,Neta,V / Aya,Current,2020–present,Crossover,Major facelift,VF-NETA-V-AYA-CURRENT-CROSSOVER-MAJOR-FACELIFT,All exact sales versions/powertrains share only while exterior body/fascia remains materially the same.,Yes,Medium,SOURCE_REQUIRED,,UNVERIFIED,UNVERIFIED,Resolve manufacturer/modelDesign/salesName using TecAlliance ChinaID.
P2,Review,China/export,Baojun,Yep / Yep Plus,Current,2023–present,Mini SUV,Body length split,VF-BAOJUN-YEP-YEP-PLUS-CURRENT-MINI-SUV-BODY-LENGTH-SPLIT,All exact sales versions/powertrains share only while exterior body/fascia remains materially the same.,Yes,Medium,SOURCE_REQUIRED,,UNVERIFIED,UNVERIFIED,Resolve manufacturer/modelDesign/salesName using TecAlliance ChinaID.
P1,Review,Southern Africa/China export,MG,ZS,Current two generations,2017–present,Crossover,Generation/facelift,VF-MG-ZS-CURRENT-TWO-GENERATIONS-CROSSOVER-GENERATION-FACELIFT,All exact sales versions/powertrains share only while exterior body/fascia remains materially the same.,Yes,Medium,SOURCE_REQUIRED,,UNVERIFIED,UNVERIFIED,Resolve manufacturer/modelDesign/salesName using TecAlliance ChinaID.
P1,Review,Southern Africa/China export,MG,HS,Current two generations,2018–present,SUV,Generation/facelift,VF-MG-HS-CURRENT-TWO-GENERATIONS-SUV-GENERATION-FACELIFT,All exact sales versions/powertrains share only while exterior body/fascia remains materially the same.,Yes,Medium,SOURCE_REQUIRED,,UNVERIFIED,UNVERIFIED,Resolve manufacturer/modelDesign/salesName using TecAlliance ChinaID.
P1,Review,Southern Africa/China export,Roewe,RX5,Current generations,2016–present,SUV,Generation split,VF-ROEWE-RX5-CURRENT-GENERATIONS-SUV-GENERATION-SPLIT,All exact sales versions/powertrains share only while exterior body/fascia remains materially the same.,Yes,Medium,SOURCE_REQUIRED,,UNVERIFIED,UNVERIFIED,Resolve manufacturer/modelDesign/salesName using TecAlliance ChinaID.
P2,Review,China/export,Rising Auto,R7,Current,2022–present,SUV,Current,VF-RISING-AUTO-R7-CURRENT-SUV-CURRENT,All exact sales versions/powertrains share only while exterior body/fascia remains materially the same.,Yes,Medium,SOURCE_REQUIRED,,UNVERIFIED,UNVERIFIED,Resolve manufacturer/modelDesign/salesName using TecAlliance ChinaID.
P2,Review,China/export,Venucia,D60,Current,2017–present,Sedan,Major facelift,VF-VENUCIA-D60-CURRENT-SEDAN-MAJOR-FACELIFT,All exact sales versions/powertrains share only while exterior body/fascia remains materially the same.,Yes,Medium,SOURCE_REQUIRED,,UNVERIFIED,UNVERIFIED,Resolve manufacturer/modelDesign/salesName using TecAlliance ChinaID.
